-- phpMyAdmin SQL Dump
-- version 4.8.5
-- https://www.phpmyadmin.net/
--
-- 主机： localhost
-- 生成日期： 2020-07-21 16:09:52
-- 服务器版本： 5.7.29-log
-- PHP 版本： 7.3.5

SET SQL_MODE = "NO_AUTO_VALUE_ON_ZERO";
SET AUTOCOMMIT = 0;
START TRANSACTION;
SET time_zone = "+00:00";


/*!40101 SET @OLD_CHARACTER_SET_CLIENT=@@CHARACTER_SET_CLIENT */;
/*!40101 SET @OLD_CHARACTER_SET_RESULTS=@@CHARACTER_SET_RESULTS */;
/*!40101 SET @OLD_COLLATION_CONNECTION=@@COLLATION_CONNECTION */;
/*!40101 SET NAMES utf8mb4 */;

--
-- 数据库： `college_design`
--

-- --------------------------------------------------------

--
-- 表的结构 `admin`
--

CREATE TABLE `admin` (
  `id` int(10) UNSIGNED NOT NULL,
  `adminName` varchar(45) NOT NULL,
  `password` varchar(45) NOT NULL
) ENGINE=InnoDB DEFAULT CHARSET=utf8;

--
-- 转存表中的数据 `admin`
--

INSERT INTO `admin` (`id`, `adminName`, `password`) VALUES
(1, 'life', 'f.199771'),
(6, 'admin', '123456');

-- --------------------------------------------------------

--
-- 表的结构 `city_adcode`
--

CREATE TABLE `city_adcode` (
  `id` int(11) NOT NULL,
  `city` varchar(20) DEFAULT NULL COMMENT '所在城市',
  `area` varchar(20) NOT NULL COMMENT '位置区域',
  `code` varchar(20) DEFAULT NULL
) ENGINE=InnoDB DEFAULT CHARSET=utf8mb4;

--
-- 转存表中的数据 `city_adcode`
--

INSERT INTO `city_adcode` (`id`, `city`, `area`, `code`) VALUES
(1, '北京', '东城区', '110101'),
(2, '西安', '未央区', '610112'),
(3, '西安', '碑林区', '610103'),
(4, '北京市', '北京市', '110000'),
(5, '北京市', '北京市市辖区', '110100'),
(6, '北京市', '东城区', '110101'),
(7, '北京市', '西城区', '110102'),
(8, '北京市', '朝阳区', '110105'),
(9, '北京市', '丰台区', '110106'),
(10, '北京市', '石景山区', '110107'),
(11, '北京市', '海淀区', '110108'),
(12, '北京市', '门头沟区', '110109'),
(13, '北京市', '房山区', '110111'),
(14, '北京市', '通州区', '110112'),
(15, '北京市', '顺义区', '110113'),
(16, '北京市', '昌平区', '110114'),
(17, '北京市', '大兴区', '110115'),
(18, '北京市', '怀柔区', '110116'),
(19, '北京市', '平谷区', '110117'),
(20, '北京市', '密云区', '110118'),
(21, '北京市', '延庆区', '110119'),
(22, '天津市', '天津市', '120000'),
(23, '天津市', '天津市市辖区', '120100'),
(24, '天津市', '和平区', '120101'),
(25, '天津市', '河东区', '120102'),
(26, '天津市', '河西区', '120103'),
(27, '天津市', '南开区', '120104'),
(28, '天津市', '河北区', '120105'),
(29, '天津市', '红桥区', '120106'),
(30, '天津市', '东丽区', '120110'),
(31, '天津市', '西青区', '120111'),
(32, '天津市', '津南区', '120112'),
(33, '天津市', '北辰区', '120113'),
(34, '天津市', '武清区', '120114'),
(35, '天津市', '宝坻区', '120115'),
(36, '天津市', '滨海新区', '120116'),
(37, '天津市', '宁河区', '120117'),
(38, '天津市', '静海区', '120118'),
(39, '天津市', '蓟州区', '120119'),
(40, '石家庄市', '石家庄市', '130100'),
(41, '石家庄市', '石家庄市市辖区', '130101'),
(42, '石家庄市', '长安区', '130102'),
(43, '石家庄市', '桥西区', '130104'),
(44, '石家庄市', '新华区', '130105'),
(45, '石家庄市', '井陉矿区', '130107'),
(46, '石家庄市', '裕华区', '130108'),
(47, '石家庄市', '藁城区', '130109'),
(48, '石家庄市', '鹿泉区', '130110'),
(49, '石家庄市', '栾城区', '130111'),
(50, '石家庄市', '井陉县', '130121'),
(51, '石家庄市', '正定县', '130123'),
(52, '石家庄市', '行唐县', '130125'),
(53, '石家庄市', '灵寿县', '130126'),
(54, '石家庄市', '高邑县', '130127'),
(55, '石家庄市', '深泽县', '130128'),
(56, '石家庄市', '赞皇县', '130129'),
(57, '石家庄市', '无极县', '130130'),
(58, '石家庄市', '平山县', '130131'),
(59, '石家庄市', '元氏县', '130132'),
(60, '石家庄市', '赵县', '130133'),
(61, '石家庄市', '辛集市', '130181'),
(62, '石家庄市', '晋州市', '130183'),
(63, '石家庄市', '新乐市', '130184'),
(64, '唐山市', '唐山市', '130200'),
(65, '唐山市', '唐山市市辖区', '130201'),
(66, '唐山市', '路南区', '130202'),
(67, '唐山市', '路北区', '130203'),
(68, '唐山市', '古冶区', '130204'),
(69, '唐山市', '开平区', '130205'),
(70, '唐山市', '丰南区', '130207'),
(71, '唐山市', '丰润区', '130208'),
(72, '唐山市', '曹妃甸区', '130209'),
(73, '唐山市', '滦州市', '130284'),
(74, '唐山市', '滦南县', '130224'),
(75, '唐山市', '乐亭县', '130225'),
(76, '唐山市', '迁西县', '130227'),
(77, '唐山市', '玉田县', '130229'),
(78, '唐山市', '遵化市', '130281'),
(79, '唐山市', '迁安市', '130283'),
(80, '秦皇岛市', '秦皇岛市', '130300'),
(81, '秦皇岛市', '秦皇岛市市辖区', '130301'),
(82, '秦皇岛市', '海港区', '130302'),
(83, '秦皇岛市', '山海关区', '130303'),
(84, '秦皇岛市', '北戴河区', '130304'),
(85, '秦皇岛市', '抚宁区', '130306'),
(86, '秦皇岛市', '青龙满族自治县', '130321'),
(87, '秦皇岛市', '昌黎县', '130322'),
(88, '秦皇岛市', '卢龙县', '130324'),
(89, '邯郸市', '邯郸市', '130400'),
(90, '邯郸市', '邯郸市市辖区', '130401'),
(91, '邯郸市', '邯山区', '130402'),
(92, '邯郸市', '丛台区', '130403'),
(93, '邯郸市', '复兴区', '130404'),
(94, '邯郸市', '峰峰矿区', '130406'),
(95, '邯郸市', '肥乡区', '130407'),
(96, '邯郸市', '永年区', '130408'),
(97, '邯郸市', '临漳县', '130423'),
(98, '邯郸市', '成安县', '130424'),
(99, '邯郸市', '大名县', '130425'),
(100, '邯郸市', '涉县', '130426'),
(101, '邯郸市', '磁县', '130427'),
(102, '邯郸市', '邱县', '130430'),
(103, '邯郸市', '鸡泽县', '130431'),
(104, '邯郸市', '广平县', '130432'),
(105, '邯郸市', '馆陶县', '130433'),
(106, '邯郸市', '魏县', '130434'),
(107, '邯郸市', '曲周县', '130435'),
(108, '邯郸市', '武安市', '130481'),
(109, '邢台市', '邢台市', '130500'),
(110, '邢台市', '邢台市市辖区', '130501'),
(111, '邢台市', '桥东区', '130502'),
(112, '邢台市', '桥西区', '130503'),
(113, '邢台市', '邢台县', '130521'),
(114, '邢台市', '临城县', '130522'),
(115, '邢台市', '内丘县', '130523'),
(116, '邢台市', '柏乡县', '130524'),
(117, '邢台市', '隆尧县', '130525'),
(118, '邢台市', '任县', '130526'),
(119, '邢台市', '南和县', '130527'),
(120, '邢台市', '宁晋县', '130528'),
(121, '邢台市', '巨鹿县', '130529'),
(122, '邢台市', '新河县', '130530'),
(123, '邢台市', '广宗县', '130531'),
(124, '邢台市', '平乡县', '130532'),
(125, '邢台市', '威县', '130533'),
(126, '邢台市', '清河县', '130534'),
(127, '邢台市', '临西县', '130535'),
(128, '邢台市', '南宫市', '130581'),
(129, '邢台市', '沙河市', '130582'),
(130, '保定市', '保定市', '130600'),
(131, '保定市', '保定市市辖区', '130601'),
(132, '保定市', '竞秀区', '130602'),
(133, '保定市', '莲池区', '130606'),
(134, '保定市', '满城区', '130607'),
(135, '保定市', '清苑区', '130608'),
(136, '保定市', '徐水区', '130609'),
(137, '保定市', '涞水县', '130623'),
(138, '保定市', '阜平县', '130624'),
(139, '保定市', '定兴县', '130626'),
(140, '保定市', '唐县', '130627'),
(141, '保定市', '高阳县', '130628'),
(142, '保定市', '容城县', '130629'),
(143, '保定市', '涞源县', '130630'),
(144, '保定市', '望都县', '130631'),
(145, '保定市', '安新县', '130632'),
(146, '保定市', '易县', '130633'),
(147, '保定市', '曲阳县', '130634'),
(148, '保定市', '蠡县', '130635'),
(149, '保定市', '顺平县', '130636'),
(150, '保定市', '博野县', '130637'),
(151, '保定市', '雄县', '130638'),
(152, '保定市', '涿州市', '130681'),
(153, '保定市', '定州市', '130682'),
(154, '保定市', '安国市', '130683'),
(155, '保定市', '高碑店市', '130684'),
(156, '张家口市', '张家口市', '130700'),
(157, '张家口市', '张家口市市辖区', '130701'),
(158, '张家口市', '桥东区', '130702'),
(159, '张家口市', '桥西区', '130703'),
(160, '张家口市', '宣化区', '130705'),
(161, '张家口市', '下花园区', '130706'),
(162, '张家口市', '万全区', '130708'),
(163, '张家口市', '崇礼区', '130709'),
(164, '张家口市', '张北县', '130722'),
(165, '张家口市', '康保县', '130723'),
(166, '张家口市', '沽源县', '130724'),
(167, '张家口市', '尚义县', '130725'),
(168, '张家口市', '蔚县', '130726'),
(169, '张家口市', '阳原县', '130727'),
(170, '张家口市', '怀安县', '130728'),
(171, '张家口市', '怀来县', '130730'),
(172, '张家口市', '涿鹿县', '130731'),
(173, '张家口市', '赤城县', '130732'),
(174, '承德市', '承德市', '130800'),
(175, '承德市', '承德市市辖区', '130801'),
(176, '承德市', '双桥区', '130802'),
(177, '承德市', '双滦区', '130803'),
(178, '承德市', '鹰手营子矿区', '130804'),
(179, '承德市', '承德县', '130821'),
(180, '承德市', '兴隆县', '130822'),
(181, '承德市', '滦平县', '130824'),
(182, '承德市', '隆化县', '130825'),
(183, '承德市', '丰宁满族自治县', '130826'),
(184, '承德市', '宽城满族自治县', '130827'),
(185, '承德市', '围场满族蒙古族自治县', '130828'),
(186, '承德市', '平泉市', '130881'),
(187, '沧州市', '沧州市', '130900'),
(188, '沧州市', '沧州市市辖区', '130901'),
(189, '沧州市', '新华区', '130902'),
(190, '沧州市', '运河区', '130903'),
(191, '沧州市', '沧县', '130921'),
(192, '沧州市', '青县', '130922'),
(193, '沧州市', '东光县', '130923'),
(194, '沧州市', '海兴县', '130924'),
(195, '沧州市', '盐山县', '130925'),
(196, '沧州市', '肃宁县', '130926'),
(197, '沧州市', '南皮县', '130927'),
(198, '沧州市', '吴桥县', '130928'),
(199, '沧州市', '献县', '130929'),
(200, '沧州市', '孟村回族自治县', '130930'),
(201, '沧州市', '泊头市', '130981'),
(202, '沧州市', '任丘市', '130982'),
(203, '沧州市', '黄骅市', '130983'),
(204, '沧州市', '河间市', '130984'),
(205, '廊坊市', '廊坊市', '131000'),
(206, '廊坊市', '廊坊市市辖区', '131001'),
(207, '廊坊市', '安次区', '131002'),
(208, '廊坊市', '广阳区', '131003'),
(209, '廊坊市', '固安县', '131022'),
(210, '廊坊市', '永清县', '131023'),
(211, '廊坊市', '香河县', '131024'),
(212, '廊坊市', '大城县', '131025'),
(213, '廊坊市', '文安县', '131026'),
(214, '廊坊市', '大厂回族自治县', '131028'),
(215, '廊坊市', '霸州市', '131081'),
(216, '廊坊市', '三河市', '131082'),
(217, '衡水市', '衡水市', '131100'),
(218, '衡水市', '衡水市市辖区', '131101'),
(219, '衡水市', '桃城区', '131102'),
(220, '衡水市', '冀州区', '131103'),
(221, '衡水市', '枣强县', '131121'),
(222, '衡水市', '武邑县', '131122'),
(223, '衡水市', '武强县', '131123'),
(224, '衡水市', '饶阳县', '131124'),
(225, '衡水市', '安平县', '131125'),
(226, '衡水市', '故城县', '131126'),
(227, '衡水市', '景县', '131127'),
(228, '衡水市', '阜城县', '131128'),
(229, '衡水市', '深州市', '131182'),
(230, '太原市', '太原市', '140100'),
(231, '太原市', '太原市市辖区', '140101'),
(232, '太原市', '小店区', '140105'),
(233, '太原市', '迎泽区', '140106'),
(234, '太原市', '杏花岭区', '140107'),
(235, '太原市', '尖草坪区', '140108'),
(236, '太原市', '万柏林区', '140109'),
(237, '太原市', '晋源区', '140110'),
(238, '太原市', '清徐县', '140121'),
(239, '太原市', '阳曲县', '140122'),
(240, '太原市', '娄烦县', '140123'),
(241, '太原市', '古交市', '140181'),
(242, '大同市', '大同市', '140200'),
(243, '大同市', '大同市市辖区', '140201'),
(244, '大同市', '平城区', '140213'),
(245, '大同市', '云冈区', '140214'),
(246, '大同市', '新荣区', '140212'),
(247, '大同市', '阳高县', '140221'),
(248, '大同市', '天镇县', '140222'),
(249, '大同市', '广灵县', '140223'),
(250, '大同市', '灵丘县', '140224'),
(251, '大同市', '浑源县', '140225'),
(252, '大同市', '左云县', '140226'),
(253, '大同市', '云州区', '140215'),
(254, '阳泉市', '阳泉市', '140300'),
(255, '阳泉市', '阳泉市市辖区', '140301'),
(256, '阳泉市', '城区', '140302'),
(257, '阳泉市', '矿区', '140303'),
(258, '阳泉市', '郊区', '140311'),
(259, '阳泉市', '平定县', '140321'),
(260, '阳泉市', '盂县', '140322'),
(261, '长治市', '长治市', '140400'),
(262, '长治市', '长治市市辖区', '140401'),
(263, '长治市', '潞州区', '140403'),
(264, '长治市', '上党区', '140404'),
(265, '长治市', '襄垣县', '140423'),
(266, '长治市', '屯留区', '140405'),
(267, '长治市', '平顺县', '140425'),
(268, '长治市', '黎城县', '140426'),
(269, '长治市', '壶关县', '140427'),
(270, '长治市', '长子县', '140428'),
(271, '长治市', '武乡县', '140429'),
(272, '长治市', '沁县', '140430'),
(273, '长治市', '沁源县', '140431'),
(274, '长治市', '潞城区', '140406'),
(275, '晋城市', '晋城市', '140500'),
(276, '晋城市', '晋城市市辖区', '140501'),
(277, '晋城市', '城区', '140502'),
(278, '晋城市', '沁水县', '140521'),
(279, '晋城市', '阳城县', '140522'),
(280, '晋城市', '陵川县', '140524'),
(281, '晋城市', '泽州县', '140525'),
(282, '晋城市', '高平市', '140581'),
(283, '朔州市', '朔州市', '140600'),
(284, '朔州市', '朔州市市辖区', '140601'),
(285, '朔州市', '朔城区', '140602'),
(286, '朔州市', '平鲁区', '140603'),
(287, '朔州市', '山阴县', '140621'),
(288, '朔州市', '应县', '140622'),
(289, '朔州市', '右玉县', '140623'),
(290, '朔州市', '怀仁市', '140681'),
(291, '晋中市', '晋中市', '140700'),
(292, '晋中市', '晋中市市辖区', '140701'),
(293, '晋中市', '榆次区', '140702'),
(294, '晋中市', '榆社县', '140721'),
(295, '晋中市', '左权县', '140722'),
(296, '晋中市', '和顺县', '140723'),
(297, '晋中市', '昔阳县', '140724'),
(298, '晋中市', '寿阳县', '140725'),
(299, '晋中市', '太谷县', '140726'),
(300, '晋中市', '祁县', '140727'),
(301, '晋中市', '平遥县', '140728'),
(302, '晋中市', '灵石县', '140729'),
(303, '晋中市', '介休市', '140781'),
(304, '运城市', '运城市', '140800'),
(305, '运城市', '运城市市辖区', '140801'),
(306, '运城市', '盐湖区', '140802'),
(307, '运城市', '临猗县', '140821'),
(308, '运城市', '万荣县', '140822'),
(309, '运城市', '闻喜县', '140823'),
(310, '运城市', '稷山县', '140824'),
(311, '运城市', '新绛县', '140825'),
(312, '运城市', '绛县', '140826'),
(313, '运城市', '垣曲县', '140827'),
(314, '运城市', '夏县', '140828'),
(315, '运城市', '平陆县', '140829'),
(316, '运城市', '芮城县', '140830'),
(317, '运城市', '永济市', '140881'),
(318, '运城市', '河津市', '140882'),
(319, '忻州市', '忻州市', '140900'),
(320, '忻州市', '忻州市市辖区', '140901'),
(321, '忻州市', '忻府区', '140902'),
(322, '忻州市', '定襄县', '140921'),
(323, '忻州市', '五台县', '140922'),
(324, '忻州市', '代县', '140923'),
(325, '忻州市', '繁峙县', '140924'),
(326, '忻州市', '宁武县', '140925'),
(327, '忻州市', '静乐县', '140926'),
(328, '忻州市', '神池县', '140927'),
(329, '忻州市', '五寨县', '140928'),
(330, '忻州市', '岢岚县', '140929'),
(331, '忻州市', '河曲县', '140930'),
(332, '忻州市', '保德县', '140931'),
(333, '忻州市', '偏关县', '140932'),
(334, '忻州市', '原平市', '140981'),
(335, '临汾市', '临汾市', '141000'),
(336, '临汾市', '临汾市市辖区', '141001'),
(337, '临汾市', '尧都区', '141002'),
(338, '临汾市', '曲沃县', '141021'),
(339, '临汾市', '翼城县', '141022'),
(340, '临汾市', '襄汾县', '141023'),
(341, '临汾市', '洪洞县', '141024'),
(342, '临汾市', '古县', '141025'),
(343, '临汾市', '安泽县', '141026'),
(344, '临汾市', '浮山县', '141027'),
(345, '临汾市', '吉县', '141028'),
(346, '临汾市', '乡宁县', '141029'),
(347, '临汾市', '大宁县', '141030'),
(348, '临汾市', '隰县', '141031'),
(349, '临汾市', '永和县', '141032'),
(350, '临汾市', '蒲县', '141033'),
(351, '临汾市', '汾西县', '141034'),
(352, '临汾市', '侯马市', '141081'),
(353, '临汾市', '霍州市', '141082'),
(354, '吕梁市', '吕梁市', '141100'),
(355, '吕梁市', '吕梁市市辖区', '141101'),
(356, '吕梁市', '离石区', '141102'),
(357, '吕梁市', '文水县', '141121'),
(358, '吕梁市', '交城县', '141122'),
(359, '吕梁市', '兴县', '141123'),
(360, '吕梁市', '临县', '141124'),
(361, '吕梁市', '柳林县', '141125'),
(362, '吕梁市', '石楼县', '141126'),
(363, '吕梁市', '岚县', '141127'),
(364, '吕梁市', '方山县', '141128'),
(365, '吕梁市', '中阳县', '141129'),
(366, '吕梁市', '交口县', '141130'),
(367, '吕梁市', '孝义市', '141181'),
(368, '吕梁市', '汾阳市', '141182'),
(369, '呼和浩特市', '呼和浩特市', '150100'),
(370, '呼和浩特市', '呼和浩特市市辖区', '150101'),
(371, '呼和浩特市', '新城区', '150102'),
(372, '呼和浩特市', '回民区', '150103'),
(373, '呼和浩特市', '玉泉区', '150104'),
(374, '呼和浩特市', '赛罕区', '150105'),
(375, '呼和浩特市', '土默特左旗', '150121'),
(376, '呼和浩特市', '托克托县', '150122'),
(377, '呼和浩特市', '和林格尔县', '150123'),
(378, '呼和浩特市', '清水河县', '150124'),
(379, '呼和浩特市', '武川县', '150125'),
(380, '包头市', '包头市', '150200'),
(381, '包头市', '包头市市辖区', '150201'),
(382, '包头市', '东河区', '150202'),
(383, '包头市', '昆都仑区', '150203'),
(384, '包头市', '青山区', '150204'),
(385, '包头市', '石拐区', '150205'),
(386, '包头市', '白云鄂博矿区', '150206'),
(387, '包头市', '九原区', '150207'),
(388, '包头市', '土默特右旗', '150221'),
(389, '包头市', '固阳县', '150222'),
(390, '包头市', '达尔罕茂明安联合旗', '150223'),
(391, '乌海市', '乌海市', '150300'),
(392, '乌海市', '乌海市市辖区', '150301'),
(393, '乌海市', '海勃湾区', '150302'),
(394, '乌海市', '海南区', '150303'),
(395, '乌海市', '乌达区', '150304'),
(396, '赤峰市', '赤峰市', '150400'),
(397, '赤峰市', '赤峰市市辖区', '150401'),
(398, '赤峰市', '红山区', '150402'),
(399, '赤峰市', '元宝山区', '150403'),
(400, '赤峰市', '松山区', '150404'),
(401, '赤峰市', '阿鲁科尔沁旗', '150421'),
(402, '赤峰市', '巴林左旗', '150422'),
(403, '赤峰市', '巴林右旗', '150423'),
(404, '赤峰市', '林西县', '150424'),
(405, '赤峰市', '克什克腾旗', '150425'),
(406, '赤峰市', '翁牛特旗', '150426'),
(407, '赤峰市', '喀喇沁旗', '150428'),
(408, '赤峰市', '宁城县', '150429'),
(409, '赤峰市', '敖汉旗', '150430'),
(410, '通辽市', '通辽市', '150500'),
(411, '通辽市', '通辽市市辖区', '150501'),
(412, '通辽市', '科尔沁区', '150502'),
(413, '通辽市', '科尔沁左翼中旗', '150521'),
(414, '通辽市', '科尔沁左翼后旗', '150522'),
(415, '通辽市', '开鲁县', '150523'),
(416, '通辽市', '库伦旗', '150524'),
(417, '通辽市', '奈曼旗', '150525'),
(418, '通辽市', '扎鲁特旗', '150526'),
(419, '通辽市', '霍林郭勒市', '150581'),
(420, '鄂尔多斯市', '鄂尔多斯市', '150600'),
(421, '鄂尔多斯市', '鄂尔多斯市市辖区', '150601'),
(422, '鄂尔多斯市', '东胜区', '150602'),
(423, '鄂尔多斯市', '康巴什区', '150603'),
(424, '鄂尔多斯市', '达拉特旗', '150621'),
(425, '鄂尔多斯市', '准格尔旗', '150622'),
(426, '鄂尔多斯市', '鄂托克前旗', '150623'),
(427, '鄂尔多斯市', '鄂托克旗', '150624'),
(428, '鄂尔多斯市', '杭锦旗', '150625'),
(429, '鄂尔多斯市', '乌审旗', '150626'),
(430, '鄂尔多斯市', '伊金霍洛旗', '150627'),
(431, '呼伦贝尔市', '呼伦贝尔市', '150700'),
(432, '呼伦贝尔市', '呼伦贝尔市市辖区', '150701'),
(433, '呼伦贝尔市', '海拉尔区', '150702'),
(434, '呼伦贝尔市', '扎赉诺尔区', '150703'),
(435, '呼伦贝尔市', '阿荣旗', '150721'),
(436, '呼伦贝尔市', '莫力达瓦达斡尔族自治旗', '150722'),
(437, '呼伦贝尔市', '鄂伦春自治旗', '150723'),
(438, '呼伦贝尔市', '鄂温克族自治旗', '150724'),
(439, '呼伦贝尔市', '陈巴尔虎旗', '150725'),
(440, '呼伦贝尔市', '新巴尔虎左旗', '150726'),
(441, '呼伦贝尔市', '新巴尔虎右旗', '150727'),
(442, '呼伦贝尔市', '满洲里市', '150781'),
(443, '呼伦贝尔市', '牙克石市', '150782'),
(444, '呼伦贝尔市', '扎兰屯市', '150783'),
(445, '呼伦贝尔市', '额尔古纳市', '150784'),
(446, '呼伦贝尔市', '根河市', '150785'),
(447, '巴彦淖尔市', '巴彦淖尔市', '150800'),
(448, '巴彦淖尔市', '巴彦淖尔市市辖区', '150801'),
(449, '巴彦淖尔市', '临河区', '150802'),
(450, '巴彦淖尔市', '五原县', '150821'),
(451, '巴彦淖尔市', '磴口县', '150822'),
(452, '巴彦淖尔市', '乌拉特前旗', '150823'),
(453, '巴彦淖尔市', '乌拉特中旗', '150824'),
(454, '巴彦淖尔市', '乌拉特后旗', '150825'),
(455, '巴彦淖尔市', '杭锦后旗', '150826'),
(456, '乌兰察布市', '乌兰察布市', '150900'),
(457, '乌兰察布市', '乌兰察布市市辖区', '150901'),
(458, '乌兰察布市', '集宁区', '150902'),
(459, '乌兰察布市', '卓资县', '150921'),
(460, '乌兰察布市', '化德县', '150922'),
(461, '乌兰察布市', '商都县', '150923'),
(462, '乌兰察布市', '兴和县', '150924'),
(463, '乌兰察布市', '凉城县', '150925'),
(464, '乌兰察布市', '察哈尔右翼前旗', '150926'),
(465, '乌兰察布市', '察哈尔右翼中旗', '150927'),
(466, '乌兰察布市', '察哈尔右翼后旗', '150928'),
(467, '乌兰察布市', '四子王旗', '150929'),
(468, '乌兰察布市', '丰镇市', '150981'),
(469, '兴安盟', '兴安盟', '152200'),
(470, '兴安盟', '乌兰浩特市', '152201'),
(471, '兴安盟', '阿尔山市', '152202'),
(472, '兴安盟', '科尔沁右翼前旗', '152221'),
(473, '兴安盟', '科尔沁右翼中旗', '152222'),
(474, '兴安盟', '扎赉特旗', '152223'),
(475, '兴安盟', '突泉县', '152224'),
(476, '锡林郭勒盟', '锡林郭勒盟', '152500'),
(477, '锡林郭勒盟', '二连浩特市', '152501'),
(478, '锡林郭勒盟', '锡林浩特市', '152502'),
(479, '锡林郭勒盟', '阿巴嘎旗', '152522'),
(480, '锡林郭勒盟', '苏尼特左旗', '152523'),
(481, '锡林郭勒盟', '苏尼特右旗', '152524'),
(482, '锡林郭勒盟', '东乌珠穆沁旗', '152525'),
(483, '锡林郭勒盟', '西乌珠穆沁旗', '152526'),
(484, '锡林郭勒盟', '太仆寺旗', '152527'),
(485, '锡林郭勒盟', '镶黄旗', '152528'),
(486, '锡林郭勒盟', '正镶白旗', '152529'),
(487, '锡林郭勒盟', '正蓝旗', '152530'),
(488, '锡林郭勒盟', '多伦县', '152531'),
(489, '阿拉善盟', '阿拉善盟', '152900'),
(490, '阿拉善盟', '阿拉善左旗', '152921'),
(491, '阿拉善盟', '阿拉善右旗', '152922'),
(492, '阿拉善盟', '额济纳旗', '152923'),
(493, '沈阳市', '沈阳市', '210100'),
(494, '沈阳市', '沈阳市市辖区', '210101'),
(495, '沈阳市', '和平区', '210102'),
(496, '沈阳市', '沈河区', '210103'),
(497, '沈阳市', '大东区', '210104'),
(498, '沈阳市', '皇姑区', '210105'),
(499, '沈阳市', '铁西区', '210106'),
(500, '沈阳市', '苏家屯区', '210111'),
(501, '沈阳市', '浑南区', '210112'),
(502, '沈阳市', '沈北新区', '210113'),
(503, '沈阳市', '于洪区', '210114'),
(504, '沈阳市', '辽中区', '210115'),
(505, '沈阳市', '康平县', '210123'),
(506, '沈阳市', '法库县', '210124'),
(507, '沈阳市', '新民市', '210181'),
(508, '大连市', '大连市', '210200'),
(509, '大连市', '大连市市辖区', '210201'),
(510, '大连市', '中山区', '210202'),
(511, '大连市', '西岗区', '210203'),
(512, '大连市', '沙河口区', '210204'),
(513, '大连市', '甘井子区', '210211'),
(514, '大连市', '旅顺口区', '210212'),
(515, '大连市', '金州区', '210213'),
(516, '大连市', '普兰店区', '210214'),
(517, '大连市', '长海县', '210224'),
(518, '大连市', '瓦房店市', '210281'),
(519, '大连市', '庄河市', '210283'),
(520, '鞍山市', '鞍山市', '210300'),
(521, '鞍山市', '鞍山市市辖区', '210301'),
(522, '鞍山市', '铁东区', '210302'),
(523, '鞍山市', '铁西区', '210303'),
(524, '鞍山市', '立山区', '210304'),
(525, '鞍山市', '千山区', '210311'),
(526, '鞍山市', '台安县', '210321'),
(527, '鞍山市', '岫岩满族自治县', '210323'),
(528, '鞍山市', '海城市', '210381'),
(529, '抚顺市', '抚顺市', '210400'),
(530, '抚顺市', '抚顺市市辖区', '210401'),
(531, '抚顺市', '新抚区', '210402'),
(532, '抚顺市', '东洲区', '210403'),
(533, '抚顺市', '望花区', '210404'),
(534, '抚顺市', '顺城区', '210411'),
(535, '抚顺市', '抚顺县', '210421'),
(536, '抚顺市', '新宾满族自治县', '210422'),
(537, '抚顺市', '清原满族自治县', '210423'),
(538, '本溪市', '本溪市', '210500'),
(539, '本溪市', '本溪市市辖区', '210501'),
(540, '本溪市', '平山区', '210502'),
(541, '本溪市', '溪湖区', '210503'),
(542, '本溪市', '明山区', '210504'),
(543, '本溪市', '南芬区', '210505'),
(544, '本溪市', '本溪满族自治县', '210521'),
(545, '本溪市', '桓仁满族自治县', '210522'),
(546, '丹东市', '丹东市', '210600'),
(547, '丹东市', '丹东市市辖区', '210601'),
(548, '丹东市', '元宝区', '210602'),
(549, '丹东市', '振兴区', '210603'),
(550, '丹东市', '振安区', '210604'),
(551, '丹东市', '宽甸满族自治县', '210624'),
(552, '丹东市', '东港市', '210681'),
(553, '丹东市', '凤城市', '210682'),
(554, '锦州市', '锦州市', '210700'),
(555, '锦州市', '锦州市市辖区', '210701'),
(556, '锦州市', '古塔区', '210702'),
(557, '锦州市', '凌河区', '210703'),
(558, '锦州市', '太和区', '210711'),
(559, '锦州市', '黑山县', '210726'),
(560, '锦州市', '义县', '210727'),
(561, '锦州市', '凌海市', '210781'),
(562, '锦州市', '北镇市', '210782'),
(563, '营口市', '营口市', '210800'),
(564, '营口市', '营口市市辖区', '210801'),
(565, '营口市', '站前区', '210802'),
(566, '营口市', '西市区', '210803'),
(567, '营口市', '鲅鱼圈区', '210804'),
(568, '营口市', '老边区', '210811'),
(569, '营口市', '盖州市', '210881'),
(570, '营口市', '大石桥市', '210882'),
(571, '阜新市', '阜新市', '210900'),
(572, '阜新市', '阜新市市辖区', '210901'),
(573, '阜新市', '海州区', '210902'),
(574, '阜新市', '新邱区', '210903'),
(575, '阜新市', '太平区', '210904'),
(576, '阜新市', '清河门区', '210905'),
(577, '阜新市', '细河区', '210911'),
(578, '阜新市', '阜新蒙古族自治县', '210921'),
(579, '阜新市', '彰武县', '210922'),
(580, '辽阳市', '辽阳市', '211000'),
(581, '辽阳市', '辽阳市市辖区', '211001'),
(582, '辽阳市', '白塔区', '211002'),
(583, '辽阳市', '文圣区', '211003'),
(584, '辽阳市', '宏伟区', '211004'),
(585, '辽阳市', '弓长岭区', '211005'),
(586, '辽阳市', '太子河区', '211011'),
(587, '辽阳市', '辽阳县', '211021'),
(588, '辽阳市', '灯塔市', '211081'),
(589, '盘锦市', '盘锦市', '211100'),
(590, '盘锦市', '盘锦市市辖区', '211101'),
(591, '盘锦市', '双台子区', '211102'),
(592, '盘锦市', '兴隆台区', '211103'),
(593, '盘锦市', '大洼区', '211104'),
(594, '盘锦市', '盘山县', '211122'),
(595, '铁岭市', '铁岭市', '211200'),
(596, '铁岭市', '铁岭市市辖区', '211201'),
(597, '铁岭市', '银州区', '211202'),
(598, '铁岭市', '清河区', '211204'),
(599, '铁岭市', '铁岭县', '211221'),
(600, '铁岭市', '西丰县', '211223'),
(601, '铁岭市', '昌图县', '211224'),
(602, '铁岭市', '调兵山市', '211281'),
(603, '铁岭市', '开原市', '211282'),
(604, '朝阳市', '朝阳市', '211300'),
(605, '朝阳市', '朝阳市市辖区', '211301'),
(606, '朝阳市', '双塔区', '211302'),
(607, '朝阳市', '龙城区', '211303'),
(608, '朝阳市', '朝阳县', '211321'),
(609, '朝阳市', '建平县', '211322'),
(610, '朝阳市', '喀喇沁左翼蒙古族自治县', '211324'),
(611, '朝阳市', '北票市', '211381'),
(612, '朝阳市', '凌源市', '211382'),
(613, '葫芦岛市', '葫芦岛市', '211400'),
(614, '葫芦岛市', '葫芦岛市市辖区', '211401'),
(615, '葫芦岛市', '连山区', '211402'),
(616, '葫芦岛市', '龙港区', '211403'),
(617, '葫芦岛市', '南票区', '211404'),
(618, '葫芦岛市', '绥中县', '211421'),
(619, '葫芦岛市', '建昌县', '211422'),
(620, '葫芦岛市', '兴城市', '211481'),
(621, '长春市', '长春市', '220100'),
(622, '长春市', '长春市市辖区', '220101'),
(623, '长春市', '南关区', '220102'),
(624, '长春市', '宽城区', '220103'),
(625, '长春市', '朝阳区', '220104'),
(626, '长春市', '二道区', '220105'),
(627, '长春市', '绿园区', '220106'),
(628, '长春市', '双阳区', '220112'),
(629, '长春市', '九台区', '220113'),
(630, '长春市', '农安县', '220122'),
(631, '长春市', '榆树市', '220182'),
(632, '长春市', '德惠市', '220183'),
(633, '吉林市', '吉林市', '220200'),
(634, '吉林市', '吉林市市辖区', '220201'),
(635, '吉林市', '昌邑区', '220202'),
(636, '吉林市', '龙潭区', '220203'),
(637, '吉林市', '船营区', '220204'),
(638, '吉林市', '丰满区', '220211'),
(639, '吉林市', '永吉县', '220221'),
(640, '吉林市', '蛟河市', '220281'),
(641, '吉林市', '桦甸市', '220282'),
(642, '吉林市', '舒兰市', '220283'),
(643, '吉林市', '磐石市', '220284'),
(644, '四平市', '四平市', '220300'),
(645, '四平市', '四平市市辖区', '220301'),
(646, '四平市', '铁西区', '220302'),
(647, '四平市', '铁东区', '220303'),
(648, '四平市', '梨树县', '220322'),
(649, '四平市', '伊通满族自治县', '220323'),
(650, '四平市', '公主岭市', '220381'),
(651, '四平市', '双辽市', '220382'),
(652, '辽源市', '辽源市', '220400'),
(653, '辽源市', '辽源市市辖区', '220401'),
(654, '辽源市', '龙山区', '220402'),
(655, '辽源市', '西安区', '220403'),
(656, '辽源市', '东丰县', '220421'),
(657, '辽源市', '东辽县', '220422'),
(658, '通化市', '通化市', '220500'),
(659, '通化市', '通化市市辖区', '220501'),
(660, '通化市', '东昌区', '220502'),
(661, '通化市', '二道江区', '220503'),
(662, '通化市', '通化县', '220521'),
(663, '通化市', '辉南县', '220523'),
(664, '通化市', '柳河县', '220524'),
(665, '通化市', '梅河口市', '220581'),
(666, '通化市', '集安市', '220582'),
(667, '白山市', '白山市', '220600'),
(668, '白山市', '白山市市辖区', '220601'),
(669, '白山市', '浑江区', '220602'),
(670, '白山市', '江源区', '220605'),
(671, '白山市', '抚松县', '220621'),
(672, '白山市', '靖宇县', '220622'),
(673, '白山市', '长白朝鲜族自治县', '220623'),
(674, '白山市', '临江市', '220681'),
(675, '松原市', '松原市', '220700'),
(676, '松原市', '松原市市辖区', '220701'),
(677, '松原市', '宁江区', '220702'),
(678, '松原市', '前郭尔罗斯蒙古族自治县', '220721'),
(679, '松原市', '长岭县', '220722'),
(680, '松原市', '乾安县', '220723'),
(681, '松原市', '扶余市', '220781'),
(682, '白城市', '白城市', '220800'),
(683, '白城市', '白城市市辖区', '220801'),
(684, '白城市', '洮北区', '220802'),
(685, '白城市', '镇赉县', '220821'),
(686, '白城市', '通榆县', '220822'),
(687, '白城市', '洮南市', '220881'),
(688, '白城市', '大安市', '220882'),
(689, '延边朝鲜族自治州', '延边朝鲜族自治州', '222400'),
(690, '延边朝鲜族自治州', '延吉市', '222401'),
(691, '延边朝鲜族自治州', '图们市', '222402'),
(692, '延边朝鲜族自治州', '敦化市', '222403'),
(693, '延边朝鲜族自治州', '珲春市', '222404'),
(694, '延边朝鲜族自治州', '龙井市', '222405'),
(695, '延边朝鲜族自治州', '和龙市', '222406'),
(696, '延边朝鲜族自治州', '汪清县', '222424'),
(697, '延边朝鲜族自治州', '安图县', '222426'),
(698, '哈尔滨市', '哈尔滨市', '230100'),
(699, '哈尔滨市', '哈尔滨市市辖区', '230101'),
(700, '哈尔滨市', '道里区', '230102'),
(701, '哈尔滨市', '南岗区', '230103'),
(702, '哈尔滨市', '道外区', '230104'),
(703, '哈尔滨市', '平房区', '230108'),
(704, '哈尔滨市', '松北区', '230109'),
(705, '哈尔滨市', '香坊区', '230110'),
(706, '哈尔滨市', '呼兰区', '230111'),
(707, '哈尔滨市', '阿城区', '230112'),
(708, '哈尔滨市', '双城区', '230113'),
(709, '哈尔滨市', '依兰县', '230123'),
(710, '哈尔滨市', '方正县', '230124'),
(711, '哈尔滨市', '宾县', '230125'),
(712, '哈尔滨市', '巴彦县', '230126'),
(713, '哈尔滨市', '木兰县', '230127'),
(714, '哈尔滨市', '通河县', '230128'),
(715, '哈尔滨市', '延寿县', '230129'),
(716, '哈尔滨市', '尚志市', '230183'),
(717, '哈尔滨市', '五常市', '230184'),
(718, '齐齐哈尔市', '齐齐哈尔市', '230200'),
(719, '齐齐哈尔市', '齐齐哈尔市市辖区', '230201'),
(720, '齐齐哈尔市', '龙沙区', '230202'),
(721, '齐齐哈尔市', '建华区', '230203'),
(722, '齐齐哈尔市', '铁锋区', '230204'),
(723, '齐齐哈尔市', '昂昂溪区', '230205'),
(724, '齐齐哈尔市', '富拉尔基区', '230206'),
(725, '齐齐哈尔市', '碾子山区', '230207'),
(726, '齐齐哈尔市', '梅里斯达斡尔族区', '230208'),
(727, '齐齐哈尔市', '龙江县', '230221'),
(728, '齐齐哈尔市', '依安县', '230223'),
(729, '齐齐哈尔市', '泰来县', '230224'),
(730, '齐齐哈尔市', '甘南县', '230225'),
(731, '齐齐哈尔市', '富裕县', '230227'),
(732, '齐齐哈尔市', '克山县', '230229'),
(733, '齐齐哈尔市', '克东县', '230230'),
(734, '齐齐哈尔市', '拜泉县', '230231'),
(735, '齐齐哈尔市', '讷河市', '230281'),
(736, '鸡西市', '鸡西市', '230300'),
(737, '鸡西市', '鸡西市市辖区', '230301'),
(738, '鸡西市', '鸡冠区', '230302'),
(739, '鸡西市', '恒山区', '230303'),
(740, '鸡西市', '滴道区', '230304'),
(741, '鸡西市', '梨树区', '230305'),
(742, '鸡西市', '城子河区', '230306'),
(743, '鸡西市', '麻山区', '230307'),
(744, '鸡西市', '鸡东县', '230321'),
(745, '鸡西市', '虎林市', '230381'),
(746, '鸡西市', '密山市', '230382'),
(747, '鹤岗市', '鹤岗市', '230400'),
(748, '鹤岗市', '鹤岗市市辖区', '230401'),
(749, '鹤岗市', '向阳区', '230402'),
(750, '鹤岗市', '工农区', '230403'),
(751, '鹤岗市', '南山区', '230404'),
(752, '鹤岗市', '兴安区', '230405'),
(753, '鹤岗市', '东山区', '230406'),
(754, '鹤岗市', '兴山区', '230407'),
(755, '鹤岗市', '萝北县', '230421'),
(756, '鹤岗市', '绥滨县', '230422'),
(757, '双鸭山市', '双鸭山市', '230500'),
(758, '双鸭山市', '双鸭山市市辖区', '230501'),
(759, '双鸭山市', '尖山区', '230502'),
(760, '双鸭山市', '岭东区', '230503'),
(761, '双鸭山市', '四方台区', '230505'),
(762, '双鸭山市', '宝山区', '230506'),
(763, '双鸭山市', '集贤县', '230521'),
(764, '双鸭山市', '友谊县', '230522'),
(765, '双鸭山市', '宝清县', '230523'),
(766, '双鸭山市', '饶河县', '230524'),
(767, '大庆市', '大庆市', '230600'),
(768, '大庆市', '大庆市市辖区', '230601'),
(769, '大庆市', '萨尔图区', '230602'),
(770, '大庆市', '龙凤区', '230603'),
(771, '大庆市', '让胡路区', '230604'),
(772, '大庆市', '红岗区', '230605'),
(773, '大庆市', '大同区', '230606'),
(774, '大庆市', '肇州县', '230621'),
(775, '大庆市', '肇源县', '230622'),
(776, '大庆市', '林甸县', '230623'),
(777, '大庆市', '杜尔伯特蒙古族自治县', '230624'),
(778, '伊春市', '伊春市', '230700'),
(779, '伊春市', '伊春市市辖区', '230701'),
(780, '伊春市', '伊春区', '230702'),
(781, '伊春市', '南岔区', '230703'),
(782, '伊春市', '友好区', '230704'),
(783, '伊春市', '西林区', '230705'),
(784, '伊春市', '翠峦区', '230706'),
(785, '伊春市', '新青区', '230707'),
(786, '伊春市', '美溪区', '230708'),
(787, '伊春市', '金山屯区', '230709'),
(788, '伊春市', '五营区', '230710'),
(789, '伊春市', '乌马河区', '230711'),
(790, '伊春市', '汤旺河区', '230712'),
(791, '伊春市', '带岭区', '230713'),
(792, '伊春市', '乌伊岭区', '230714'),
(793, '伊春市', '红星区', '230715'),
(794, '伊春市', '上甘岭区', '230716'),
(795, '伊春市', '嘉荫县', '230722'),
(796, '伊春市', '铁力市', '230781'),
(797, '佳木斯市', '佳木斯市', '230800'),
(798, '佳木斯市', '佳木斯市市辖区', '230801'),
(799, '佳木斯市', '向阳区', '230803'),
(800, '佳木斯市', '前进区', '230804'),
(801, '佳木斯市', '东风区', '230805'),
(802, '佳木斯市', '郊区', '230811'),
(803, '佳木斯市', '桦南县', '230822'),
(804, '佳木斯市', '桦川县', '230826'),
(805, '佳木斯市', '汤原县', '230828'),
(806, '佳木斯市', '同江市', '230881'),
(807, '佳木斯市', '富锦市', '230882'),
(808, '佳木斯市', '抚远市', '230883'),
(809, '七台河市', '七台河市', '230900'),
(810, '七台河市', '七台河市市辖区', '230901'),
(811, '七台河市', '新兴区', '230902'),
(812, '七台河市', '桃山区', '230903'),
(813, '七台河市', '茄子河区', '230904'),
(814, '七台河市', '勃利县', '230921'),
(815, '牡丹江市', '牡丹江市', '231000'),
(816, '牡丹江市', '牡丹江市市辖区', '231001'),
(817, '牡丹江市', '东安区', '231002'),
(818, '牡丹江市', '阳明区', '231003'),
(819, '牡丹江市', '爱民区', '231004'),
(820, '牡丹江市', '西安区', '231005'),
(821, '牡丹江市', '林口县', '231025'),
(822, '牡丹江市', '绥芬河市', '231081'),
(823, '牡丹江市', '海林市', '231083'),
(824, '牡丹江市', '宁安市', '231084'),
(825, '牡丹江市', '穆棱市', '231085'),
(826, '牡丹江市', '东宁市', '231086'),
(827, '黑河市', '黑河市', '231100'),
(828, '黑河市', '黑河市市辖区', '231101'),
(829, '黑河市', '爱辉区', '231102'),
(830, '黑河市', '嫩江县', '231121'),
(831, '黑河市', '逊克县', '231123'),
(832, '黑河市', '孙吴县', '231124'),
(833, '黑河市', '北安市', '231181'),
(834, '黑河市', '五大连池市', '231182'),
(835, '绥化市', '绥化市', '231200'),
(836, '绥化市', '绥化市市辖区', '231201'),
(837, '绥化市', '北林区', '231202'),
(838, '绥化市', '望奎县', '231221'),
(839, '绥化市', '兰西县', '231222'),
(840, '绥化市', '青冈县', '231223'),
(841, '绥化市', '庆安县', '231224'),
(842, '绥化市', '明水县', '231225'),
(843, '绥化市', '绥棱县', '231226'),
(844, '绥化市', '安达市', '231281'),
(845, '绥化市', '肇东市', '231282'),
(846, '绥化市', '海伦市', '231283'),
(847, '大兴安岭地区', '大兴安岭地区', '232700'),
(848, '大兴安岭地区', '加格达奇区', '232718'),
(849, '大兴安岭地区', '呼玛县', '232721'),
(850, '大兴安岭地区', '塔河县', '232722'),
(851, '大兴安岭地区', '漠河市', '232701'),
(852, '上海市', '上海市', '310000'),
(853, '上海市', '上海市市辖区', '310100'),
(854, '上海市', '黄浦区', '310101'),
(855, '上海市', '徐汇区', '310104'),
(856, '上海市', '长宁区', '310105'),
(857, '上海市', '静安区', '310106'),
(858, '上海市', '普陀区', '310107'),
(859, '上海市', '虹口区', '310109'),
(860, '上海市', '杨浦区', '310110'),
(861, '上海市', '闵行区', '310112'),
(862, '上海市', '宝山区', '310113'),
(863, '上海市', '嘉定区', '310114'),
(864, '上海市', '浦东新区', '310115'),
(865, '上海市', '金山区', '310116'),
(866, '上海市', '松江区', '310117'),
(867, '上海市', '青浦区', '310118'),
(868, '上海市', '奉贤区', '310120'),
(869, '上海市', '崇明区', '310151'),
(870, '南京市', '南京市', '320100'),
(871, '南京市', '南京市市辖区', '320101'),
(872, '南京市', '玄武区', '320102'),
(873, '南京市', '秦淮区', '320104'),
(874, '南京市', '建邺区', '320105'),
(875, '南京市', '鼓楼区', '320106'),
(876, '南京市', '浦口区', '320111'),
(877, '南京市', '栖霞区', '320113'),
(878, '南京市', '雨花台区', '320114'),
(879, '南京市', '江宁区', '320115'),
(880, '南京市', '六合区', '320116'),
(881, '南京市', '溧水区', '320117'),
(882, '南京市', '高淳区', '320118'),
(883, '无锡市', '无锡市', '320200'),
(884, '无锡市', '无锡市市辖区', '320201'),
(885, '无锡市', '锡山区', '320205'),
(886, '无锡市', '惠山区', '320206'),
(887, '无锡市', '滨湖区', '320211'),
(888, '无锡市', '梁溪区', '320213'),
(889, '无锡市', '新吴区', '320214'),
(890, '无锡市', '江阴市', '320281'),
(891, '无锡市', '宜兴市', '320282'),
(892, '徐州市', '徐州市', '320300'),
(893, '徐州市', '徐州市市辖区', '320301'),
(894, '徐州市', '鼓楼区', '320302'),
(895, '徐州市', '云龙区', '320303'),
(896, '徐州市', '贾汪区', '320305'),
(897, '徐州市', '泉山区', '320311'),
(898, '徐州市', '铜山区', '320312'),
(899, '徐州市', '丰县', '320321'),
(900, '徐州市', '沛县', '320322'),
(901, '徐州市', '睢宁县', '320324'),
(902, '徐州市', '新沂市', '320381'),
(903, '徐州市', '邳州市', '320382'),
(904, '常州市', '常州市', '320400'),
(905, '常州市', '常州市市辖区', '320401'),
(906, '常州市', '天宁区', '320402'),
(907, '常州市', '钟楼区', '320404'),
(908, '常州市', '新北区', '320411'),
(909, '常州市', '武进区', '320412'),
(910, '常州市', '金坛区', '320413'),
(911, '常州市', '溧阳市', '320481'),
(912, '苏州市', '苏州市', '320500'),
(913, '苏州市', '苏州市市辖区', '320501'),
(914, '苏州市', '虎丘区', '320505'),
(915, '苏州市', '吴中区', '320506'),
(916, '苏州市', '相城区', '320507'),
(917, '苏州市', '姑苏区', '320508'),
(918, '苏州市', '吴江区', '320509'),
(919, '苏州市', '苏州工业园区', '320571'),
(920, '苏州市', '常熟市', '320581'),
(921, '苏州市', '张家港市', '320582'),
(922, '苏州市', '昆山市', '320583'),
(923, '苏州市', '太仓市', '320585'),
(924, '南通市', '南通市', '320600'),
(925, '南通市', '南通市市辖区', '320601'),
(926, '南通市', '崇川区', '320602'),
(927, '南通市', '港闸区', '320611'),
(928, '南通市', '通州区', '320612'),
(929, '南通市', '海安市', '320685'),
(930, '南通市', '如东县', '320623'),
(931, '南通市', '启东市', '320681'),
(932, '南通市', '如皋市', '320682'),
(933, '南通市', '海门市', '320684'),
(934, '连云港市', '连云港市', '320700'),
(935, '连云港市', '连云港市市辖区', '320701'),
(936, '连云港市', '连云区', '320703'),
(937, '连云港市', '海州区', '320706'),
(938, '连云港市', '赣榆区', '320707'),
(939, '连云港市', '东海县', '320722'),
(940, '连云港市', '灌云县', '320723'),
(941, '连云港市', '灌南县', '320724'),
(942, '淮安市', '淮安市', '320800'),
(943, '淮安市', '淮安市市辖区', '320801'),
(944, '淮安市', '淮安区', '320803'),
(945, '淮安市', '淮阴区', '320804'),
(946, '淮安市', '清江浦区', '320812'),
(947, '淮安市', '洪泽区', '320813'),
(948, '淮安市', '涟水县', '320826'),
(949, '淮安市', '盱眙县', '320830'),
(950, '淮安市', '金湖县', '320831'),
(951, '盐城市', '盐城市', '320900'),
(952, '盐城市', '盐城市市辖区', '320901'),
(953, '盐城市', '亭湖区', '320902'),
(954, '盐城市', '盐都区', '320903'),
(955, '盐城市', '大丰区', '320904'),
(956, '盐城市', '响水县', '320921'),
(957, '盐城市', '滨海县', '320922'),
(958, '盐城市', '阜宁县', '320923'),
(959, '盐城市', '射阳县', '320924'),
(960, '盐城市', '建湖县', '320925'),
(961, '盐城市', '东台市', '320981'),
(962, '扬州市', '扬州市', '321000'),
(963, '扬州市', '扬州市市辖区', '321001'),
(964, '扬州市', '广陵区', '321002'),
(965, '扬州市', '邗江区', '321003'),
(966, '扬州市', '江都区', '321012'),
(967, '扬州市', '宝应县', '321023'),
(968, '扬州市', '仪征市', '321081'),
(969, '扬州市', '高邮市', '321084'),
(970, '镇江市', '镇江市', '321100'),
(971, '镇江市', '镇江市市辖区', '321101'),
(972, '镇江市', '京口区', '321102'),
(973, '镇江市', '润州区', '321111'),
(974, '镇江市', '丹徒区', '321112'),
(975, '镇江市', '丹阳市', '321181'),
(976, '镇江市', '扬中市', '321182'),
(977, '镇江市', '句容市', '321183'),
(978, '泰州市', '泰州市', '321200'),
(979, '泰州市', '泰州市市辖区', '321201'),
(980, '泰州市', '海陵区', '321202'),
(981, '泰州市', '高港区', '321203'),
(982, '泰州市', '姜堰区', '321204'),
(983, '泰州市', '兴化市', '321281'),
(984, '泰州市', '靖江市', '321282'),
(985, '泰州市', '泰兴市', '321283'),
(986, '宿迁市', '宿迁市', '321300'),
(987, '宿迁市', '宿迁市市辖区', '321301'),
(988, '宿迁市', '宿城区', '321302'),
(989, '宿迁市', '宿豫区', '321311'),
(990, '宿迁市', '沭阳县', '321322'),
(991, '宿迁市', '泗阳县', '321323'),
(992, '宿迁市', '泗洪县', '321324'),
(993, '杭州市', '杭州市', '330100'),
(994, '杭州市', '杭州市市辖区', '330101'),
(995, '杭州市', '上城区', '330102'),
(996, '杭州市', '下城区', '330103'),
(997, '杭州市', '江干区', '330104'),
(998, '杭州市', '拱墅区', '330105'),
(999, '杭州市', '西湖区', '330106'),
(1000, '杭州市', '滨江区', '330108'),
(1001, '杭州市', '萧山区', '330109'),
(1002, '杭州市', '余杭区', '330110'),
(1003, '杭州市', '富阳区', '330111'),
(1004, '杭州市', '临安区', '330112'),
(1005, '杭州市', '桐庐县', '330122'),
(1006, '杭州市', '淳安县', '330127'),
(1007, '杭州市', '建德市', '330182'),
(1008, '宁波市', '宁波市', '330200'),
(1009, '宁波市', '宁波市市辖区', '330201'),
(1010, '宁波市', '海曙区', '330203'),
(1011, '宁波市', '江北区', '330205'),
(1012, '宁波市', '北仑区', '330206'),
(1013, '宁波市', '镇海区', '330211'),
(1014, '宁波市', '鄞州区', '330212'),
(1015, '宁波市', '奉化区', '330213'),
(1016, '宁波市', '象山县', '330225'),
(1017, '宁波市', '宁海县', '330226'),
(1018, '宁波市', '余姚市', '330281'),
(1019, '宁波市', '慈溪市', '330282'),
(1020, '温州市', '温州市', '330300'),
(1021, '温州市', '温州市市辖区', '330301'),
(1022, '温州市', '鹿城区', '330302'),
(1023, '温州市', '龙湾区', '330303'),
(1024, '温州市', '瓯海区', '330304'),
(1025, '温州市', '洞头区', '330305'),
(1026, '温州市', '永嘉县', '330324'),
(1027, '温州市', '平阳县', '330326'),
(1028, '温州市', '苍南县', '330327'),
(1029, '温州市', '文成县', '330328'),
(1030, '温州市', '泰顺县', '330329'),
(1031, '温州市', '瑞安市', '330381'),
(1032, '温州市', '乐清市', '330382'),
(1033, '嘉兴市', '嘉兴市', '330400'),
(1034, '嘉兴市', '嘉兴市市辖区', '330401'),
(1035, '嘉兴市', '南湖区', '330402'),
(1036, '嘉兴市', '秀洲区', '330411'),
(1037, '嘉兴市', '嘉善县', '330421'),
(1038, '嘉兴市', '海盐县', '330424'),
(1039, '嘉兴市', '海宁市', '330481'),
(1040, '嘉兴市', '平湖市', '330482'),
(1041, '嘉兴市', '桐乡市', '330483'),
(1042, '湖州市', '湖州市', '330500'),
(1043, '湖州市', '湖州市市辖区', '330501'),
(1044, '湖州市', '吴兴区', '330502'),
(1045, '湖州市', '南浔区', '330503'),
(1046, '湖州市', '德清县', '330521'),
(1047, '湖州市', '长兴县', '330522'),
(1048, '湖州市', '安吉县', '330523'),
(1049, '绍兴市', '绍兴市', '330600'),
(1050, '绍兴市', '绍兴市市辖区', '330601'),
(1051, '绍兴市', '越城区', '330602'),
(1052, '绍兴市', '柯桥区', '330603'),
(1053, '绍兴市', '上虞区', '330604'),
(1054, '绍兴市', '新昌县', '330624'),
(1055, '绍兴市', '诸暨市', '330681'),
(1056, '绍兴市', '嵊州市', '330683'),
(1057, '金华市', '金华市', '330700'),
(1058, '金华市', '金华市市辖区', '330701'),
(1059, '金华市', '婺城区', '330702'),
(1060, '金华市', '金东区', '330703'),
(1061, '金华市', '武义县', '330723'),
(1062, '金华市', '浦江县', '330726'),
(1063, '金华市', '磐安县', '330727'),
(1064, '金华市', '兰溪市', '330781'),
(1065, '金华市', '义乌市', '330782'),
(1066, '金华市', '东阳市', '330783'),
(1067, '金华市', '永康市', '330784'),
(1068, '衢州市', '衢州市', '330800'),
(1069, '衢州市', '衢州市市辖区', '330801'),
(1070, '衢州市', '柯城区', '330802'),
(1071, '衢州市', '衢江区', '330803'),
(1072, '衢州市', '常山县', '330822'),
(1073, '衢州市', '开化县', '330824'),
(1074, '衢州市', '龙游县', '330825'),
(1075, '衢州市', '江山市', '330881'),
(1076, '舟山市', '舟山市', '330900'),
(1077, '舟山市', '舟山市市辖区', '330901'),
(1078, '舟山市', '定海区', '330902'),
(1079, '舟山市', '普陀区', '330903'),
(1080, '舟山市', '岱山县', '330921'),
(1081, '舟山市', '嵊泗县', '330922'),
(1082, '台州市', '台州市', '331000'),
(1083, '台州市', '台州市市辖区', '331001'),
(1084, '台州市', '椒江区', '331002'),
(1085, '台州市', '黄岩区', '331003'),
(1086, '台州市', '路桥区', '331004'),
(1087, '台州市', '三门县', '331022'),
(1088, '台州市', '天台县', '331023'),
(1089, '台州市', '仙居县', '331024'),
(1090, '台州市', '温岭市', '331081'),
(1091, '台州市', '临海市', '331082'),
(1092, '台州市', '玉环市', '331083'),
(1093, '丽水市', '丽水市', '331100'),
(1094, '丽水市', '丽水市市辖区', '331101'),
(1095, '丽水市', '莲都区', '331102'),
(1096, '丽水市', '青田县', '331121'),
(1097, '丽水市', '缙云县', '331122'),
(1098, '丽水市', '遂昌县', '331123'),
(1099, '丽水市', '松阳县', '331124'),
(1100, '丽水市', '云和县', '331125'),
(1101, '丽水市', '庆元县', '331126'),
(1102, '丽水市', '景宁畲族自治县', '331127'),
(1103, '丽水市', '龙泉市', '331181'),
(1104, '合肥市', '合肥市', '340100'),
(1105, '合肥市', '合肥市市辖区', '340101'),
(1106, '合肥市', '瑶海区', '340102'),
(1107, '合肥市', '庐阳区', '340103'),
(1108, '合肥市', '蜀山区', '340104'),
(1109, '合肥市', '包河区', '340111'),
(1110, '合肥市', '长丰县', '340121'),
(1111, '合肥市', '肥东县', '340122'),
(1112, '合肥市', '肥西县', '340123'),
(1113, '合肥市', '庐江县', '340124'),
(1114, '合肥市', '巢湖市', '340181'),
(1115, '芜湖市', '芜湖市', '340200'),
(1116, '芜湖市', '芜湖市市辖区', '340201'),
(1117, '芜湖市', '镜湖区', '340202'),
(1118, '芜湖市', '弋江区', '340203'),
(1119, '芜湖市', '鸠江区', '340207'),
(1120, '芜湖市', '三山区', '340208'),
(1121, '芜湖市', '芜湖县', '340221'),
(1122, '芜湖市', '繁昌县', '340222'),
(1123, '芜湖市', '南陵县', '340223'),
(1124, '芜湖市', '无为县', '340225'),
(1125, '蚌埠市', '蚌埠市', '340300'),
(1126, '蚌埠市', '蚌埠市市辖区', '340301'),
(1127, '蚌埠市', '龙子湖区', '340302'),
(1128, '蚌埠市', '蚌山区', '340303'),
(1129, '蚌埠市', '禹会区', '340304'),
(1130, '蚌埠市', '淮上区', '340311'),
(1131, '蚌埠市', '怀远县', '340321'),
(1132, '蚌埠市', '五河县', '340322'),
(1133, '蚌埠市', '固镇县', '340323'),
(1134, '淮南市', '淮南市', '340400'),
(1135, '淮南市', '淮南市市辖区', '340401'),
(1136, '淮南市', '大通区', '340402'),
(1137, '淮南市', '田家庵区', '340403'),
(1138, '淮南市', '谢家集区', '340404'),
(1139, '淮南市', '八公山区', '340405'),
(1140, '淮南市', '潘集区', '340406'),
(1141, '淮南市', '凤台县', '340421'),
(1142, '淮南市', '寿县', '340422'),
(1143, '马鞍山市', '马鞍山市', '340500'),
(1144, '马鞍山市', '马鞍山市市辖区', '340501'),
(1145, '马鞍山市', '花山区', '340503'),
(1146, '马鞍山市', '雨山区', '340504'),
(1147, '马鞍山市', '博望区', '340506'),
(1148, '马鞍山市', '当涂县', '340521'),
(1149, '马鞍山市', '含山县', '340522'),
(1150, '马鞍山市', '和县', '340523'),
(1151, '淮北市', '淮北市', '340600'),
(1152, '淮北市', '淮北市市辖区', '340601'),
(1153, '淮北市', '杜集区', '340602'),
(1154, '淮北市', '相山区', '340603'),
(1155, '淮北市', '烈山区', '340604'),
(1156, '淮北市', '濉溪县', '340621'),
(1157, '铜陵市', '铜陵市', '340700'),
(1158, '铜陵市', '铜陵市市辖区', '340701'),
(1159, '铜陵市', '铜官区', '340705'),
(1160, '铜陵市', '义安区', '340706'),
(1161, '铜陵市', '郊区', '340711'),
(1162, '铜陵市', '枞阳县', '340722'),
(1163, '安庆市', '安庆市', '340800'),
(1164, '安庆市', '安庆市市辖区', '340801'),
(1165, '安庆市', '迎江区', '340802'),
(1166, '安庆市', '大观区', '340803'),
(1167, '安庆市', '宜秀区', '340811'),
(1168, '安庆市', '怀宁县', '340822'),
(1169, '安庆市', '潜山市', '340882'),
(1170, '安庆市', '太湖县', '340825'),
(1171, '安庆市', '宿松县', '340826'),
(1172, '安庆市', '望江县', '340827'),
(1173, '安庆市', '岳西县', '340828'),
(1174, '安庆市', '桐城市', '340881'),
(1175, '黄山市', '黄山市', '341000'),
(1176, '黄山市', '黄山市市辖区', '341001'),
(1177, '黄山市', '屯溪区', '341002'),
(1178, '黄山市', '黄山区', '341003'),
(1179, '黄山市', '徽州区', '341004'),
(1180, '黄山市', '歙县', '341021'),
(1181, '黄山市', '休宁县', '341022'),
(1182, '黄山市', '黟县', '341023'),
(1183, '黄山市', '祁门县', '341024'),
(1184, '滁州市', '滁州市', '341100'),
(1185, '滁州市', '滁州市市辖区', '341101'),
(1186, '滁州市', '琅琊区', '341102'),
(1187, '滁州市', '南谯区', '341103'),
(1188, '滁州市', '来安县', '341122'),
(1189, '滁州市', '全椒县', '341124'),
(1190, '滁州市', '定远县', '341125'),
(1191, '滁州市', '凤阳县', '341126'),
(1192, '滁州市', '天长市', '341181'),
(1193, '滁州市', '明光市', '341182'),
(1194, '阜阳市', '阜阳市', '341200'),
(1195, '阜阳市', '阜阳市市辖区', '341201'),
(1196, '阜阳市', '颍州区', '341202'),
(1197, '阜阳市', '颍东区', '341203'),
(1198, '阜阳市', '颍泉区', '341204'),
(1199, '阜阳市', '临泉县', '341221'),
(1200, '阜阳市', '太和县', '341222'),
(1201, '阜阳市', '阜南县', '341225'),
(1202, '阜阳市', '颍上县', '341226'),
(1203, '阜阳市', '界首市', '341282'),
(1204, '宿州市', '宿州市', '341300'),
(1205, '宿州市', '宿州市市辖区', '341301'),
(1206, '宿州市', '埇桥区', '341302'),
(1207, '宿州市', '砀山县', '341321'),
(1208, '宿州市', '萧县', '341322'),
(1209, '宿州市', '灵璧县', '341323'),
(1210, '宿州市', '泗县', '341324'),
(1211, '六安市', '六安市', '341500'),
(1212, '六安市', '六安市市辖区', '341501'),
(1213, '六安市', '金安区', '341502'),
(1214, '六安市', '裕安区', '341503'),
(1215, '六安市', '叶集区', '341504'),
(1216, '六安市', '霍邱县', '341522'),
(1217, '六安市', '舒城县', '341523'),
(1218, '六安市', '金寨县', '341524'),
(1219, '六安市', '霍山县', '341525'),
(1220, '亳州市', '亳州市', '341600'),
(1221, '亳州市', '亳州市市辖区', '341601'),
(1222, '亳州市', '谯城区', '341602'),
(1223, '亳州市', '涡阳县', '341621'),
(1224, '亳州市', '蒙城县', '341622'),
(1225, '亳州市', '利辛县', '341623'),
(1226, '池州市', '池州市', '341700'),
(1227, '池州市', '池州市市辖区', '341701'),
(1228, '池州市', '贵池区', '341702'),
(1229, '池州市', '东至县', '341721'),
(1230, '池州市', '石台县', '341722'),
(1231, '池州市', '青阳县', '341723'),
(1232, '宣城市', '宣城市', '341800'),
(1233, '宣城市', '宣城市市辖区', '341801'),
(1234, '宣城市', '宣州区', '341802'),
(1235, '宣城市', '郎溪县', '341821'),
(1236, '宣城市', '广德县', '341822'),
(1237, '宣城市', '泾县', '341823'),
(1238, '宣城市', '绩溪县', '341824'),
(1239, '宣城市', '旌德县', '341825'),
(1240, '宣城市', '宁国市', '341881'),
(1241, '福州市', '福州市', '350100'),
(1242, '福州市', '福州市市辖区', '350101'),
(1243, '福州市', '鼓楼区', '350102'),
(1244, '福州市', '台江区', '350103'),
(1245, '福州市', '仓山区', '350104'),
(1246, '福州市', '马尾区', '350105'),
(1247, '福州市', '晋安区', '350111'),
(1248, '福州市', '长乐区', '350112'),
(1249, '福州市', '闽侯县', '350121'),
(1250, '福州市', '连江县', '350122'),
(1251, '福州市', '罗源县', '350123'),
(1252, '福州市', '闽清县', '350124'),
(1253, '福州市', '永泰县', '350125'),
(1254, '福州市', '平潭县', '350128'),
(1255, '福州市', '福清市', '350181'),
(1256, '厦门市', '厦门市', '350200'),
(1257, '厦门市', '厦门市市辖区', '350201'),
(1258, '厦门市', '思明区', '350203'),
(1259, '厦门市', '海沧区', '350205'),
(1260, '厦门市', '湖里区', '350206'),
(1261, '厦门市', '集美区', '350211'),
(1262, '厦门市', '同安区', '350212'),
(1263, '厦门市', '翔安区', '350213'),
(1264, '莆田市', '莆田市', '350300'),
(1265, '莆田市', '莆田市市辖区', '350301'),
(1266, '莆田市', '城厢区', '350302'),
(1267, '莆田市', '涵江区', '350303'),
(1268, '莆田市', '荔城区', '350304'),
(1269, '莆田市', '秀屿区', '350305'),
(1270, '莆田市', '仙游县', '350322'),
(1271, '三明市', '三明市', '350400'),
(1272, '三明市', '三明市市辖区', '350401'),
(1273, '三明市', '梅列区', '350402'),
(1274, '三明市', '三元区', '350403'),
(1275, '三明市', '明溪县', '350421'),
(1276, '三明市', '清流县', '350423'),
(1277, '三明市', '宁化县', '350424'),
(1278, '三明市', '大田县', '350425'),
(1279, '三明市', '尤溪县', '350426'),
(1280, '三明市', '沙县', '350427'),
(1281, '三明市', '将乐县', '350428'),
(1282, '三明市', '泰宁县', '350429'),
(1283, '三明市', '建宁县', '350430'),
(1284, '三明市', '永安市', '350481'),
(1285, '泉州市', '泉州市', '350500'),
(1286, '泉州市', '泉州市市辖区', '350501'),
(1287, '泉州市', '鲤城区', '350502'),
(1288, '泉州市', '丰泽区', '350503'),
(1289, '泉州市', '洛江区', '350504'),
(1290, '泉州市', '泉港区', '350505'),
(1291, '泉州市', '惠安县', '350521'),
(1292, '泉州市', '安溪县', '350524'),
(1293, '泉州市', '永春县', '350525'),
(1294, '泉州市', '德化县', '350526'),
(1295, '泉州市', '金门县', '350527'),
(1296, '泉州市', '石狮市', '350581'),
(1297, '泉州市', '晋江市', '350582'),
(1298, '泉州市', '南安市', '350583'),
(1299, '漳州市', '漳州市', '350600'),
(1300, '漳州市', '漳州市市辖区', '350601'),
(1301, '漳州市', '芗城区', '350602'),
(1302, '漳州市', '龙文区', '350603'),
(1303, '漳州市', '云霄县', '350622'),
(1304, '漳州市', '漳浦县', '350623'),
(1305, '漳州市', '诏安县', '350624'),
(1306, '漳州市', '长泰县', '350625'),
(1307, '漳州市', '东山县', '350626'),
(1308, '漳州市', '南靖县', '350627'),
(1309, '漳州市', '平和县', '350628'),
(1310, '漳州市', '华安县', '350629'),
(1311, '漳州市', '龙海市', '350681'),
(1312, '南平市', '南平市', '350700'),
(1313, '南平市', '南平市市辖区', '350701'),
(1314, '南平市', '延平区', '350702'),
(1315, '南平市', '建阳区', '350703'),
(1316, '南平市', '顺昌县', '350721'),
(1317, '南平市', '浦城县', '350722'),
(1318, '南平市', '光泽县', '350723'),
(1319, '南平市', '松溪县', '350724'),
(1320, '南平市', '政和县', '350725'),
(1321, '南平市', '邵武市', '350781'),
(1322, '南平市', '武夷山市', '350782'),
(1323, '南平市', '建瓯市', '350783'),
(1324, '龙岩市', '龙岩市', '350800'),
(1325, '龙岩市', '龙岩市市辖区', '350801'),
(1326, '龙岩市', '新罗区', '350802'),
(1327, '龙岩市', '永定区', '350803'),
(1328, '龙岩市', '长汀县', '350821'),
(1329, '龙岩市', '上杭县', '350823'),
(1330, '龙岩市', '武平县', '350824'),
(1331, '龙岩市', '连城县', '350825'),
(1332, '龙岩市', '漳平市', '350881'),
(1333, '宁德市', '宁德市', '350900'),
(1334, '宁德市', '宁德市市辖区', '350901'),
(1335, '宁德市', '蕉城区', '350902'),
(1336, '宁德市', '霞浦县', '350921'),
(1337, '宁德市', '古田县', '350922'),
(1338, '宁德市', '屏南县', '350923'),
(1339, '宁德市', '寿宁县', '350924'),
(1340, '宁德市', '周宁县', '350925'),
(1341, '宁德市', '柘荣县', '350926'),
(1342, '宁德市', '福安市', '350981'),
(1343, '宁德市', '福鼎市', '350982'),
(1344, '南昌市', '南昌市', '360100'),
(1345, '南昌市', '南昌市市辖区', '360101'),
(1346, '南昌市', '东湖区', '360102'),
(1347, '南昌市', '西湖区', '360103'),
(1348, '南昌市', '青云谱区', '360104'),
(1349, '南昌市', '湾里区', '360105'),
(1350, '南昌市', '青山湖区', '360111'),
(1351, '南昌市', '新建区', '360112'),
(1352, '南昌市', '南昌县', '360121'),
(1353, '南昌市', '安义县', '360123'),
(1354, '南昌市', '进贤县', '360124'),
(1355, '景德镇市', '景德镇市', '360200'),
(1356, '景德镇市', '景德镇市市辖区', '360201'),
(1357, '景德镇市', '昌江区', '360202'),
(1358, '景德镇市', '珠山区', '360203'),
(1359, '景德镇市', '浮梁县', '360222'),
(1360, '景德镇市', '乐平市', '360281'),
(1361, '萍乡市', '萍乡市', '360300'),
(1362, '萍乡市', '萍乡市市辖区', '360301'),
(1363, '萍乡市', '安源区', '360302'),
(1364, '萍乡市', '湘东区', '360313'),
(1365, '萍乡市', '莲花县', '360321'),
(1366, '萍乡市', '上栗县', '360322'),
(1367, '萍乡市', '芦溪县', '360323'),
(1368, '九江市', '九江市', '360400'),
(1369, '九江市', '九江市市辖区', '360401'),
(1370, '九江市', '濂溪区', '360402'),
(1371, '九江市', '浔阳区', '360403'),
(1372, '九江市', '柴桑区', '360404'),
(1373, '九江市', '武宁县', '360423'),
(1374, '九江市', '修水县', '360424'),
(1375, '九江市', '永修县', '360425'),
(1376, '九江市', '德安县', '360426'),
(1377, '九江市', '都昌县', '360428'),
(1378, '九江市', '湖口县', '360429'),
(1379, '九江市', '彭泽县', '360430'),
(1380, '九江市', '瑞昌市', '360481'),
(1381, '九江市', '共青城市', '360482'),
(1382, '九江市', '庐山市', '360483'),
(1383, '新余市', '新余市', '360500'),
(1384, '新余市', '新余市市辖区', '360501'),
(1385, '新余市', '渝水区', '360502'),
(1386, '新余市', '分宜县', '360521'),
(1387, '鹰潭市', '鹰潭市', '360600'),
(1388, '鹰潭市', '鹰潭市市辖区', '360601'),
(1389, '鹰潭市', '月湖区', '360602'),
(1390, '鹰潭市', '余江区', '360603'),
(1391, '鹰潭市', '贵溪市', '360681'),
(1392, '赣州市', '赣州市', '360700'),
(1393, '赣州市', '赣州市市辖区', '360701'),
(1394, '赣州市', '章贡区', '360702'),
(1395, '赣州市', '南康区', '360703'),
(1396, '赣州市', '赣县区', '360704'),
(1397, '赣州市', '信丰县', '360722'),
(1398, '赣州市', '大余县', '360723'),
(1399, '赣州市', '上犹县', '360724'),
(1400, '赣州市', '崇义县', '360725'),
(1401, '赣州市', '安远县', '360726'),
(1402, '赣州市', '龙南县', '360727'),
(1403, '赣州市', '定南县', '360728'),
(1404, '赣州市', '全南县', '360729'),
(1405, '赣州市', '宁都县', '360730'),
(1406, '赣州市', '于都县', '360731'),
(1407, '赣州市', '兴国县', '360732'),
(1408, '赣州市', '会昌县', '360733'),
(1409, '赣州市', '寻乌县', '360734'),
(1410, '赣州市', '石城县', '360735'),
(1411, '赣州市', '瑞金市', '360781'),
(1412, '吉安市', '吉安市', '360800'),
(1413, '吉安市', '吉安市市辖区', '360801'),
(1414, '吉安市', '吉州区', '360802'),
(1415, '吉安市', '青原区', '360803'),
(1416, '吉安市', '吉安县', '360821'),
(1417, '吉安市', '吉水县', '360822'),
(1418, '吉安市', '峡江县', '360823'),
(1419, '吉安市', '新干县', '360824'),
(1420, '吉安市', '永丰县', '360825'),
(1421, '吉安市', '泰和县', '360826'),
(1422, '吉安市', '遂川县', '360827'),
(1423, '吉安市', '万安县', '360828'),
(1424, '吉安市', '安福县', '360829'),
(1425, '吉安市', '永新县', '360830'),
(1426, '吉安市', '井冈山市', '360881'),
(1427, '宜春市', '宜春市', '360900'),
(1428, '宜春市', '宜春市市辖区', '360901'),
(1429, '宜春市', '袁州区', '360902'),
(1430, '宜春市', '奉新县', '360921'),
(1431, '宜春市', '万载县', '360922'),
(1432, '宜春市', '上高县', '360923'),
(1433, '宜春市', '宜丰县', '360924'),
(1434, '宜春市', '靖安县', '360925'),
(1435, '宜春市', '铜鼓县', '360926'),
(1436, '宜春市', '丰城市', '360981'),
(1437, '宜春市', '樟树市', '360982'),
(1438, '宜春市', '高安市', '360983'),
(1439, '抚州市', '抚州市', '361000'),
(1440, '抚州市', '抚州市市辖区', '361001'),
(1441, '抚州市', '临川区', '361002'),
(1442, '抚州市', '东乡区', '361003'),
(1443, '抚州市', '南城县', '361021'),
(1444, '抚州市', '黎川县', '361022'),
(1445, '抚州市', '南丰县', '361023'),
(1446, '抚州市', '崇仁县', '361024'),
(1447, '抚州市', '乐安县', '361025'),
(1448, '抚州市', '宜黄县', '361026'),
(1449, '抚州市', '金溪县', '361027'),
(1450, '抚州市', '资溪县', '361028'),
(1451, '抚州市', '广昌县', '361030'),
(1452, '上饶市', '上饶市', '361100'),
(1453, '上饶市', '上饶市市辖区', '361101'),
(1454, '上饶市', '信州区', '361102'),
(1455, '上饶市', '广丰区', '361103'),
(1456, '上饶市', '上饶县', '361121'),
(1457, '上饶市', '玉山县', '361123'),
(1458, '上饶市', '铅山县', '361124'),
(1459, '上饶市', '横峰县', '361125'),
(1460, '上饶市', '弋阳县', '361126'),
(1461, '上饶市', '余干县', '361127'),
(1462, '上饶市', '鄱阳县', '361128'),
(1463, '上饶市', '万年县', '361129'),
(1464, '上饶市', '婺源县', '361130'),
(1465, '上饶市', '德兴市', '361181'),
(1466, '济南市', '济南市', '370100'),
(1467, '济南市', '济南市市辖区', '370101'),
(1468, '济南市', '历下区', '370102'),
(1469, '济南市', '市中区', '370103'),
(1470, '济南市', '槐荫区', '370104'),
(1471, '济南市', '天桥区', '370105'),
(1472, '济南市', '历城区', '370112'),
(1473, '济南市', '长清区', '370113'),
(1474, '济南市', '章丘区', '370114'),
(1475, '济南市', '平阴县', '370124'),
(1476, '济南市', '济阳区', '370115'),
(1477, '济南市', '商河县', '370126'),
(1478, '青岛市', '青岛市', '370200'),
(1479, '青岛市', '青岛市市辖区', '370201'),
(1480, '青岛市', '市南区', '370202'),
(1481, '青岛市', '市北区', '370203'),
(1482, '青岛市', '黄岛区', '370211'),
(1483, '青岛市', '崂山区', '370212'),
(1484, '青岛市', '李沧区', '370213'),
(1485, '青岛市', '城阳区', '370214'),
(1486, '青岛市', '即墨区', '370215'),
(1487, '青岛市', '胶州市', '370281'),
(1488, '青岛市', '平度市', '370283'),
(1489, '青岛市', '莱西市', '370285'),
(1490, '淄博市', '淄博市', '370300'),
(1491, '淄博市', '淄博市市辖区', '370301'),
(1492, '淄博市', '淄川区', '370302'),
(1493, '淄博市', '张店区', '370303'),
(1494, '淄博市', '博山区', '370304'),
(1495, '淄博市', '临淄区', '370305'),
(1496, '淄博市', '周村区', '370306'),
(1497, '淄博市', '桓台县', '370321'),
(1498, '淄博市', '高青县', '370322'),
(1499, '淄博市', '沂源县', '370323'),
(1500, '枣庄市', '枣庄市', '370400'),
(1501, '枣庄市', '枣庄市市辖区', '370401'),
(1502, '枣庄市', '市中区', '370402'),
(1503, '枣庄市', '薛城区', '370403'),
(1504, '枣庄市', '峄城区', '370404'),
(1505, '枣庄市', '台儿庄区', '370405'),
(1506, '枣庄市', '山亭区', '370406'),
(1507, '枣庄市', '滕州市', '370481'),
(1508, '东营市', '东营市', '370500'),
(1509, '东营市', '东营市市辖区', '370501'),
(1510, '东营市', '东营区', '370502'),
(1511, '东营市', '河口区', '370503'),
(1512, '东营市', '垦利区', '370505'),
(1513, '东营市', '利津县', '370522'),
(1514, '东营市', '广饶县', '370523'),
(1515, '烟台市', '烟台市', '370600'),
(1516, '烟台市', '烟台市市辖区', '370601'),
(1517, '烟台市', '芝罘区', '370602'),
(1518, '烟台市', '福山区', '370611'),
(1519, '烟台市', '牟平区', '370612'),
(1520, '烟台市', '莱山区', '370613'),
(1521, '烟台市', '长岛县', '370634'),
(1522, '烟台市', '龙口市', '370681'),
(1523, '烟台市', '莱阳市', '370682'),
(1524, '烟台市', '莱州市', '370683'),
(1525, '烟台市', '蓬莱市', '370684'),
(1526, '烟台市', '招远市', '370685'),
(1527, '烟台市', '栖霞市', '370686'),
(1528, '烟台市', '海阳市', '370687'),
(1529, '潍坊市', '潍坊市', '370700'),
(1530, '潍坊市', '潍坊市市辖区', '370701'),
(1531, '潍坊市', '潍城区', '370702'),
(1532, '潍坊市', '寒亭区', '370703'),
(1533, '潍坊市', '坊子区', '370704'),
(1534, '潍坊市', '奎文区', '370705'),
(1535, '潍坊市', '临朐县', '370724'),
(1536, '潍坊市', '昌乐县', '370725'),
(1537, '潍坊市', '青州市', '370781'),
(1538, '潍坊市', '诸城市', '370782'),
(1539, '潍坊市', '寿光市', '370783'),
(1540, '潍坊市', '安丘市', '370784'),
(1541, '潍坊市', '高密市', '370785'),
(1542, '潍坊市', '昌邑市', '370786'),
(1543, '济宁市', '济宁市', '370800'),
(1544, '济宁市', '济宁市市辖区', '370801'),
(1545, '济宁市', '任城区', '370811'),
(1546, '济宁市', '兖州区', '370812'),
(1547, '济宁市', '微山县', '370826'),
(1548, '济宁市', '鱼台县', '370827'),
(1549, '济宁市', '金乡县', '370828'),
(1550, '济宁市', '嘉祥县', '370829'),
(1551, '济宁市', '汶上县', '370830'),
(1552, '济宁市', '泗水县', '370831'),
(1553, '济宁市', '梁山县', '370832'),
(1554, '济宁市', '曲阜市', '370881'),
(1555, '济宁市', '邹城市', '370883'),
(1556, '泰安市', '泰安市', '370900'),
(1557, '泰安市', '泰安市市辖区', '370901'),
(1558, '泰安市', '泰山区', '370902'),
(1559, '泰安市', '岱岳区', '370911'),
(1560, '泰安市', '宁阳县', '370921'),
(1561, '泰安市', '东平县', '370923'),
(1562, '泰安市', '新泰市', '370982'),
(1563, '泰安市', '肥城市', '370983'),
(1564, '威海市', '威海市', '371000'),
(1565, '威海市', '威海市市辖区', '371001'),
(1566, '威海市', '环翠区', '371002'),
(1567, '威海市', '文登区', '371003'),
(1568, '威海市', '荣成市', '371082'),
(1569, '威海市', '乳山市', '371083'),
(1570, '日照市', '日照市', '371100'),
(1571, '日照市', '日照市市辖区', '371101'),
(1572, '日照市', '东港区', '371102'),
(1573, '日照市', '岚山区', '371103'),
(1574, '日照市', '五莲县', '371121'),
(1575, '日照市', '莒县', '371122'),
(1576, '济南市', '莱芜区', '370116'),
(1577, '济南市', '钢城区', '370117'),
(1578, '临沂市', '临沂市', '371300'),
(1579, '临沂市', '临沂市市辖区', '371301'),
(1580, '临沂市', '兰山区', '371302'),
(1581, '临沂市', '罗庄区', '371311'),
(1582, '临沂市', '河东区', '371312'),
(1583, '临沂市', '沂南县', '371321'),
(1584, '临沂市', '郯城县', '371322'),
(1585, '临沂市', '沂水县', '371323'),
(1586, '临沂市', '兰陵县', '371324'),
(1587, '临沂市', '费县', '371325'),
(1588, '临沂市', '平邑县', '371326'),
(1589, '临沂市', '莒南县', '371327'),
(1590, '临沂市', '蒙阴县', '371328'),
(1591, '临沂市', '临沭县', '371329'),
(1592, '德州市', '德州市', '371400'),
(1593, '德州市', '德州市市辖区', '371401'),
(1594, '德州市', '德城区', '371402'),
(1595, '德州市', '陵城区', '371403'),
(1596, '德州市', '宁津县', '371422'),
(1597, '德州市', '庆云县', '371423'),
(1598, '德州市', '临邑县', '371424'),
(1599, '德州市', '齐河县', '371425'),
(1600, '德州市', '平原县', '371426'),
(1601, '德州市', '夏津县', '371427'),
(1602, '德州市', '武城县', '371428'),
(1603, '德州市', '乐陵市', '371481'),
(1604, '德州市', '禹城市', '371482'),
(1605, '聊城市', '聊城市', '371500'),
(1606, '聊城市', '聊城市市辖区', '371501'),
(1607, '聊城市', '东昌府区', '371502'),
(1608, '聊城市', '阳谷县', '371521'),
(1609, '聊城市', '莘县', '371522'),
(1610, '聊城市', '茌平县', '371523'),
(1611, '聊城市', '东阿县', '371524'),
(1612, '聊城市', '冠县', '371525'),
(1613, '聊城市', '高唐县', '371526'),
(1614, '聊城市', '临清市', '371581'),
(1615, '滨州市', '滨州市', '371600'),
(1616, '滨州市', '滨州市市辖区', '371601'),
(1617, '滨州市', '滨城区', '371602'),
(1618, '滨州市', '沾化区', '371603'),
(1619, '滨州市', '惠民县', '371621'),
(1620, '滨州市', '阳信县', '371622'),
(1621, '滨州市', '无棣县', '371623'),
(1622, '滨州市', '博兴县', '371625'),
(1623, '滨州市', '邹平市', '371681'),
(1624, '菏泽市', '菏泽市', '371700'),
(1625, '菏泽市', '菏泽市市辖区', '371701'),
(1626, '菏泽市', '牡丹区', '371702'),
(1627, '菏泽市', '定陶区', '371703'),
(1628, '菏泽市', '曹县', '371721'),
(1629, '菏泽市', '单县', '371722'),
(1630, '菏泽市', '成武县', '371723'),
(1631, '菏泽市', '巨野县', '371724'),
(1632, '菏泽市', '郓城县', '371725'),
(1633, '菏泽市', '鄄城县', '371726'),
(1634, '菏泽市', '东明县', '371728'),
(1635, '郑州市', '郑州市', '410100'),
(1636, '郑州市', '郑州市市辖区', '410101'),
(1637, '郑州市', '中原区', '410102'),
(1638, '郑州市', '二七区', '410103'),
(1639, '郑州市', '管城回族区', '410104'),
(1640, '郑州市', '金水区', '410105'),
(1641, '郑州市', '上街区', '410106'),
(1642, '郑州市', '惠济区', '410108'),
(1643, '郑州市', '中牟县', '410122'),
(1644, '郑州市', '巩义市', '410181'),
(1645, '郑州市', '荥阳市', '410182'),
(1646, '郑州市', '新密市', '410183'),
(1647, '郑州市', '新郑市', '410184'),
(1648, '郑州市', '登封市', '410185'),
(1649, '开封市', '开封市', '410200'),
(1650, '开封市', '开封市市辖区', '410201'),
(1651, '开封市', '龙亭区', '410202'),
(1652, '开封市', '顺河回族区', '410203'),
(1653, '开封市', '鼓楼区', '410204'),
(1654, '开封市', '禹王台区', '410205'),
(1655, '开封市', '祥符区', '410212'),
(1656, '开封市', '杞县', '410221'),
(1657, '开封市', '通许县', '410222'),
(1658, '开封市', '尉氏县', '410223'),
(1659, '开封市', '兰考县', '410225'),
(1660, '洛阳市', '洛阳市', '410300'),
(1661, '洛阳市', '洛阳市市辖区', '410301'),
(1662, '洛阳市', '老城区', '410302'),
(1663, '洛阳市', '西工区', '410303');
INSERT INTO `city_adcode` (`id`, `city`, `area`, `code`) VALUES
(1664, '洛阳市', '瀍河回族区', '410304'),
(1665, '洛阳市', '涧西区', '410305'),
(1666, '洛阳市', '吉利区', '410306'),
(1667, '洛阳市', '洛龙区', '410311'),
(1668, '洛阳市', '孟津县', '410322'),
(1669, '洛阳市', '新安县', '410323'),
(1670, '洛阳市', '栾川县', '410324'),
(1671, '洛阳市', '嵩县', '410325'),
(1672, '洛阳市', '汝阳县', '410326'),
(1673, '洛阳市', '宜阳县', '410327'),
(1674, '洛阳市', '洛宁县', '410328'),
(1675, '洛阳市', '伊川县', '410329'),
(1676, '洛阳市', '偃师市', '410381'),
(1677, '平顶山市', '平顶山市', '410400'),
(1678, '平顶山市', '平顶山市市辖区', '410401'),
(1679, '平顶山市', '新华区', '410402'),
(1680, '平顶山市', '卫东区', '410403'),
(1681, '平顶山市', '石龙区', '410404'),
(1682, '平顶山市', '湛河区', '410411'),
(1683, '平顶山市', '宝丰县', '410421'),
(1684, '平顶山市', '叶县', '410422'),
(1685, '平顶山市', '鲁山县', '410423'),
(1686, '平顶山市', '郏县', '410425'),
(1687, '平顶山市', '舞钢市', '410481'),
(1688, '平顶山市', '汝州市', '410482'),
(1689, '安阳市', '安阳市', '410500'),
(1690, '安阳市', '安阳市市辖区', '410501'),
(1691, '安阳市', '文峰区', '410502'),
(1692, '安阳市', '北关区', '410503'),
(1693, '安阳市', '殷都区', '410505'),
(1694, '安阳市', '龙安区', '410506'),
(1695, '安阳市', '安阳县', '410522'),
(1696, '安阳市', '汤阴县', '410523'),
(1697, '安阳市', '滑县', '410526'),
(1698, '安阳市', '内黄县', '410527'),
(1699, '安阳市', '林州市', '410581'),
(1700, '鹤壁市', '鹤壁市', '410600'),
(1701, '鹤壁市', '鹤壁市市辖区', '410601'),
(1702, '鹤壁市', '鹤山区', '410602'),
(1703, '鹤壁市', '山城区', '410603'),
(1704, '鹤壁市', '淇滨区', '410611'),
(1705, '鹤壁市', '浚县', '410621'),
(1706, '鹤壁市', '淇县', '410622'),
(1707, '新乡市', '新乡市', '410700'),
(1708, '新乡市', '新乡市市辖区', '410701'),
(1709, '新乡市', '红旗区', '410702'),
(1710, '新乡市', '卫滨区', '410703'),
(1711, '新乡市', '凤泉区', '410704'),
(1712, '新乡市', '牧野区', '410711'),
(1713, '新乡市', '新乡县', '410721'),
(1714, '新乡市', '获嘉县', '410724'),
(1715, '新乡市', '原阳县', '410725'),
(1716, '新乡市', '延津县', '410726'),
(1717, '新乡市', '封丘县', '410727'),
(1718, '新乡市', '长垣县', '410728'),
(1719, '新乡市', '卫辉市', '410781'),
(1720, '新乡市', '辉县市', '410782'),
(1721, '焦作市', '焦作市', '410800'),
(1722, '焦作市', '焦作市市辖区', '410801'),
(1723, '焦作市', '解放区', '410802'),
(1724, '焦作市', '中站区', '410803'),
(1725, '焦作市', '马村区', '410804'),
(1726, '焦作市', '山阳区', '410811'),
(1727, '焦作市', '修武县', '410821'),
(1728, '焦作市', '博爱县', '410822'),
(1729, '焦作市', '武陟县', '410823'),
(1730, '焦作市', '温县', '410825'),
(1731, '焦作市', '沁阳市', '410882'),
(1732, '焦作市', '孟州市', '410883'),
(1733, '濮阳市', '濮阳市', '410900'),
(1734, '濮阳市', '濮阳市市辖区', '410901'),
(1735, '濮阳市', '华龙区', '410902'),
(1736, '濮阳市', '清丰县', '410922'),
(1737, '濮阳市', '南乐县', '410923'),
(1738, '濮阳市', '范县', '410926'),
(1739, '濮阳市', '台前县', '410927'),
(1740, '濮阳市', '濮阳县', '410928'),
(1741, '许昌市', '许昌市', '411000'),
(1742, '许昌市', '许昌市市辖区', '411001'),
(1743, '许昌市', '魏都区', '411002'),
(1744, '许昌市', '建安区', '411003'),
(1745, '许昌市', '鄢陵县', '411024'),
(1746, '许昌市', '襄城县', '411025'),
(1747, '许昌市', '禹州市', '411081'),
(1748, '许昌市', '长葛市', '411082'),
(1749, '漯河市', '漯河市', '411100'),
(1750, '漯河市', '漯河市市辖区', '411101'),
(1751, '漯河市', '源汇区', '411102'),
(1752, '漯河市', '郾城区', '411103'),
(1753, '漯河市', '召陵区', '411104'),
(1754, '漯河市', '舞阳县', '411121'),
(1755, '漯河市', '临颍县', '411122'),
(1756, '三门峡市', '三门峡市', '411200'),
(1757, '三门峡市', '三门峡市市辖区', '411201'),
(1758, '三门峡市', '湖滨区', '411202'),
(1759, '三门峡市', '陕州区', '411203'),
(1760, '三门峡市', '渑池县', '411221'),
(1761, '三门峡市', '卢氏县', '411224'),
(1762, '三门峡市', '义马市', '411281'),
(1763, '三门峡市', '灵宝市', '411282'),
(1764, '南阳市', '南阳市', '411300'),
(1765, '南阳市', '南阳市市辖区', '411301'),
(1766, '南阳市', '宛城区', '411302'),
(1767, '南阳市', '卧龙区', '411303'),
(1768, '南阳市', '南召县', '411321'),
(1769, '南阳市', '方城县', '411322'),
(1770, '南阳市', '西峡县', '411323'),
(1771, '南阳市', '镇平县', '411324'),
(1772, '南阳市', '内乡县', '411325'),
(1773, '南阳市', '淅川县', '411326'),
(1774, '南阳市', '社旗县', '411327'),
(1775, '南阳市', '唐河县', '411328'),
(1776, '南阳市', '新野县', '411329'),
(1777, '南阳市', '桐柏县', '411330'),
(1778, '南阳市', '邓州市', '411381'),
(1779, '商丘市', '商丘市', '411400'),
(1780, '商丘市', '商丘市市辖区', '411401'),
(1781, '商丘市', '梁园区', '411402'),
(1782, '商丘市', '睢阳区', '411403'),
(1783, '商丘市', '民权县', '411421'),
(1784, '商丘市', '睢县', '411422'),
(1785, '商丘市', '宁陵县', '411423'),
(1786, '商丘市', '柘城县', '411424'),
(1787, '商丘市', '虞城县', '411425'),
(1788, '商丘市', '夏邑县', '411426'),
(1789, '商丘市', '永城市', '411481'),
(1790, '信阳市', '信阳市', '411500'),
(1791, '信阳市', '信阳市市辖区', '411501'),
(1792, '信阳市', '浉河区', '411502'),
(1793, '信阳市', '平桥区', '411503'),
(1794, '信阳市', '罗山县', '411521'),
(1795, '信阳市', '光山县', '411522'),
(1796, '信阳市', '新县', '411523'),
(1797, '信阳市', '商城县', '411524'),
(1798, '信阳市', '固始县', '411525'),
(1799, '信阳市', '潢川县', '411526'),
(1800, '信阳市', '淮滨县', '411527'),
(1801, '信阳市', '息县', '411528'),
(1802, '周口市', '周口市', '411600'),
(1803, '周口市', '周口市市辖区', '411601'),
(1804, '周口市', '川汇区', '411602'),
(1805, '周口市', '扶沟县', '411621'),
(1806, '周口市', '西华县', '411622'),
(1807, '周口市', '商水县', '411623'),
(1808, '周口市', '沈丘县', '411624'),
(1809, '周口市', '郸城县', '411625'),
(1810, '周口市', '淮阳县', '411626'),
(1811, '周口市', '太康县', '411627'),
(1812, '周口市', '鹿邑县', '411628'),
(1813, '周口市', '项城市', '411681'),
(1814, '驻马店市', '驻马店市', '411700'),
(1815, '驻马店市', '驻马店市市辖区', '411701'),
(1816, '驻马店市', '驿城区', '411702'),
(1817, '驻马店市', '西平县', '411721'),
(1818, '驻马店市', '上蔡县', '411722'),
(1819, '驻马店市', '平舆县', '411723'),
(1820, '驻马店市', '正阳县', '411724'),
(1821, '驻马店市', '确山县', '411725'),
(1822, '驻马店市', '泌阳县', '411726'),
(1823, '驻马店市', '汝南县', '411727'),
(1824, '驻马店市', '遂平县', '411728'),
(1825, '驻马店市', '新蔡县', '411729'),
(1826, '济源市', '济源市', '419001'),
(1827, '武汉市', '武汉市', '420100'),
(1828, '武汉市', '武汉市市辖区', '420101'),
(1829, '武汉市', '江岸区', '420102'),
(1830, '武汉市', '江汉区', '420103'),
(1831, '武汉市', '硚口区', '420104'),
(1832, '武汉市', '汉阳区', '420105'),
(1833, '武汉市', '武昌区', '420106'),
(1834, '武汉市', '青山区', '420107'),
(1835, '武汉市', '洪山区', '420111'),
(1836, '武汉市', '东西湖区', '420112'),
(1837, '武汉市', '汉南区', '420113'),
(1838, '武汉市', '蔡甸区', '420114'),
(1839, '武汉市', '江夏区', '420115'),
(1840, '武汉市', '黄陂区', '420116'),
(1841, '武汉市', '新洲区', '420117'),
(1842, '黄石市', '黄石市', '420200'),
(1843, '黄石市', '黄石市市辖区', '420201'),
(1844, '黄石市', '黄石港区', '420202'),
(1845, '黄石市', '西塞山区', '420203'),
(1846, '黄石市', '下陆区', '420204'),
(1847, '黄石市', '铁山区', '420205'),
(1848, '黄石市', '阳新县', '420222'),
(1849, '黄石市', '大冶市', '420281'),
(1850, '十堰市', '十堰市', '420300'),
(1851, '十堰市', '十堰市市辖区', '420301'),
(1852, '十堰市', '茅箭区', '420302'),
(1853, '十堰市', '张湾区', '420303'),
(1854, '十堰市', '郧阳区', '420304'),
(1855, '十堰市', '郧西县', '420322'),
(1856, '十堰市', '竹山县', '420323'),
(1857, '十堰市', '竹溪县', '420324'),
(1858, '十堰市', '房县', '420325'),
(1859, '十堰市', '丹江口市', '420381'),
(1860, '宜昌市', '宜昌市', '420500'),
(1861, '宜昌市', '宜昌市市辖区', '420501'),
(1862, '宜昌市', '西陵区', '420502'),
(1863, '宜昌市', '伍家岗区', '420503'),
(1864, '宜昌市', '点军区', '420504'),
(1865, '宜昌市', '猇亭区', '420505'),
(1866, '宜昌市', '夷陵区', '420506'),
(1867, '宜昌市', '远安县', '420525'),
(1868, '宜昌市', '兴山县', '420526'),
(1869, '宜昌市', '秭归县', '420527'),
(1870, '宜昌市', '长阳土家族自治县', '420528'),
(1871, '宜昌市', '五峰土家族自治县', '420529'),
(1872, '宜昌市', '宜都市', '420581'),
(1873, '宜昌市', '当阳市', '420582'),
(1874, '宜昌市', '枝江市', '420583'),
(1875, '襄阳市', '襄阳市', '420600'),
(1876, '襄阳市', '襄阳市市辖区', '420601'),
(1877, '襄阳市', '襄城区', '420602'),
(1878, '襄阳市', '樊城区', '420606'),
(1879, '襄阳市', '襄州区', '420607'),
(1880, '襄阳市', '南漳县', '420624'),
(1881, '襄阳市', '谷城县', '420625'),
(1882, '襄阳市', '保康县', '420626'),
(1883, '襄阳市', '老河口市', '420682'),
(1884, '襄阳市', '枣阳市', '420683'),
(1885, '襄阳市', '宜城市', '420684'),
(1886, '鄂州市', '鄂州市', '420700'),
(1887, '鄂州市', '鄂州市市辖区', '420701'),
(1888, '鄂州市', '梁子湖区', '420702'),
(1889, '鄂州市', '华容区', '420703'),
(1890, '鄂州市', '鄂城区', '420704'),
(1891, '荆门市', '荆门市', '420800'),
(1892, '荆门市', '荆门市市辖区', '420801'),
(1893, '荆门市', '东宝区', '420802'),
(1894, '荆门市', '掇刀区', '420804'),
(1895, '荆门市', '京山市', '420882'),
(1896, '荆门市', '沙洋县', '420822'),
(1897, '荆门市', '钟祥市', '420881'),
(1898, '孝感市', '孝感市', '420900'),
(1899, '孝感市', '孝感市市辖区', '420901'),
(1900, '孝感市', '孝南区', '420902'),
(1901, '孝感市', '孝昌县', '420921'),
(1902, '孝感市', '大悟县', '420922'),
(1903, '孝感市', '云梦县', '420923'),
(1904, '孝感市', '应城市', '420981'),
(1905, '孝感市', '安陆市', '420982'),
(1906, '孝感市', '汉川市', '420984'),
(1907, '荆州市', '荆州市', '421000'),
(1908, '荆州市', '荆州市市辖区', '421001'),
(1909, '荆州市', '沙市区', '421002'),
(1910, '荆州市', '荆州区', '421003'),
(1911, '荆州市', '公安县', '421022'),
(1912, '荆州市', '监利县', '421023'),
(1913, '荆州市', '江陵县', '421024'),
(1914, '荆州市', '石首市', '421081'),
(1915, '荆州市', '洪湖市', '421083'),
(1916, '荆州市', '松滋市', '421087'),
(1917, '黄冈市', '黄冈市', '421100'),
(1918, '黄冈市', '黄冈市市辖区', '421101'),
(1919, '黄冈市', '黄州区', '421102'),
(1920, '黄冈市', '团风县', '421121'),
(1921, '黄冈市', '红安县', '421122'),
(1922, '黄冈市', '罗田县', '421123'),
(1923, '黄冈市', '英山县', '421124'),
(1924, '黄冈市', '浠水县', '421125'),
(1925, '黄冈市', '蕲春县', '421126'),
(1926, '黄冈市', '黄梅县', '421127'),
(1927, '黄冈市', '麻城市', '421181'),
(1928, '黄冈市', '武穴市', '421182'),
(1929, '咸宁市', '咸宁市', '421200'),
(1930, '咸宁市', '咸宁市市辖区', '421201'),
(1931, '咸宁市', '咸安区', '421202'),
(1932, '咸宁市', '嘉鱼县', '421221'),
(1933, '咸宁市', '通城县', '421222'),
(1934, '咸宁市', '崇阳县', '421223'),
(1935, '咸宁市', '通山县', '421224'),
(1936, '咸宁市', '赤壁市', '421281'),
(1937, '随州市', '随州市', '421300'),
(1938, '随州市', '随州市市辖区', '421301'),
(1939, '随州市', '曾都区', '421303'),
(1940, '随州市', '随县', '421321'),
(1941, '随州市', '广水市', '421381'),
(1942, '恩施土家族苗族自治州', '恩施土家族苗族自治州', '422800'),
(1943, '恩施土家族苗族自治州', '恩施市', '422801'),
(1944, '恩施土家族苗族自治州', '利川市', '422802'),
(1945, '恩施土家族苗族自治州', '建始县', '422822'),
(1946, '恩施土家族苗族自治州', '巴东县', '422823'),
(1947, '恩施土家族苗族自治州', '宣恩县', '422825'),
(1948, '恩施土家族苗族自治州', '咸丰县', '422826'),
(1949, '恩施土家族苗族自治州', '来凤县', '422827'),
(1950, '恩施土家族苗族自治州', '鹤峰县', '422828'),
(1951, '仙桃市', '仙桃市', '429004'),
(1952, '潜江市', '潜江市', '429005'),
(1953, '天门市', '天门市', '429006'),
(1954, '神农架林区', '神农架林区', '429021'),
(1955, '长沙市', '长沙市', '430100'),
(1956, '长沙市', '长沙市市辖区', '430101'),
(1957, '长沙市', '芙蓉区', '430102'),
(1958, '长沙市', '天心区', '430103'),
(1959, '长沙市', '岳麓区', '430104'),
(1960, '长沙市', '开福区', '430105'),
(1961, '长沙市', '雨花区', '430111'),
(1962, '长沙市', '望城区', '430112'),
(1963, '长沙市', '长沙县', '430121'),
(1964, '长沙市', '浏阳市', '430181'),
(1965, '长沙市', '宁乡市', '430182'),
(1966, '株洲市', '株洲市', '430200'),
(1967, '株洲市', '株洲市市辖区', '430201'),
(1968, '株洲市', '荷塘区', '430202'),
(1969, '株洲市', '芦淞区', '430203'),
(1970, '株洲市', '石峰区', '430204'),
(1971, '株洲市', '天元区', '430211'),
(1972, '株洲市', '渌口区', '430212'),
(1973, '株洲市', '攸县', '430223'),
(1974, '株洲市', '茶陵县', '430224'),
(1975, '株洲市', '炎陵县', '430225'),
(1976, '株洲市', '醴陵市', '430281'),
(1977, '湘潭市', '湘潭市', '430300'),
(1978, '湘潭市', '湘潭市市辖区', '430301'),
(1979, '湘潭市', '雨湖区', '430302'),
(1980, '湘潭市', '岳塘区', '430304'),
(1981, '湘潭市', '湘潭县', '430321'),
(1982, '湘潭市', '湘乡市', '430381'),
(1983, '湘潭市', '韶山市', '430382'),
(1984, '衡阳市', '衡阳市', '430400'),
(1985, '衡阳市', '衡阳市市辖区', '430401'),
(1986, '衡阳市', '珠晖区', '430405'),
(1987, '衡阳市', '雁峰区', '430406'),
(1988, '衡阳市', '石鼓区', '430407'),
(1989, '衡阳市', '蒸湘区', '430408'),
(1990, '衡阳市', '南岳区', '430412'),
(1991, '衡阳市', '衡阳县', '430421'),
(1992, '衡阳市', '衡南县', '430422'),
(1993, '衡阳市', '衡山县', '430423'),
(1994, '衡阳市', '衡东县', '430424'),
(1995, '衡阳市', '祁东县', '430426'),
(1996, '衡阳市', '耒阳市', '430481'),
(1997, '衡阳市', '常宁市', '430482'),
(1998, '邵阳市', '邵阳市', '430500'),
(1999, '邵阳市', '邵阳市市辖区', '430501'),
(2000, '邵阳市', '双清区', '430502'),
(2001, '邵阳市', '大祥区', '430503'),
(2002, '邵阳市', '北塔区', '430511'),
(2003, '邵阳市', '邵东县', '430521'),
(2004, '邵阳市', '新邵县', '430522'),
(2005, '邵阳市', '邵阳县', '430523'),
(2006, '邵阳市', '隆回县', '430524'),
(2007, '邵阳市', '洞口县', '430525'),
(2008, '邵阳市', '绥宁县', '430527'),
(2009, '邵阳市', '新宁县', '430528'),
(2010, '邵阳市', '城步苗族自治县', '430529'),
(2011, '邵阳市', '武冈市', '430581'),
(2012, '岳阳市', '岳阳市', '430600'),
(2013, '岳阳市', '岳阳市市辖区', '430601'),
(2014, '岳阳市', '岳阳楼区', '430602'),
(2015, '岳阳市', '云溪区', '430603'),
(2016, '岳阳市', '君山区', '430611'),
(2017, '岳阳市', '岳阳县', '430621'),
(2018, '岳阳市', '华容县', '430623'),
(2019, '岳阳市', '湘阴县', '430624'),
(2020, '岳阳市', '平江县', '430626'),
(2021, '岳阳市', '汨罗市', '430681'),
(2022, '岳阳市', '临湘市', '430682'),
(2023, '常德市', '常德市', '430700'),
(2024, '常德市', '常德市市辖区', '430701'),
(2025, '常德市', '武陵区', '430702'),
(2026, '常德市', '鼎城区', '430703'),
(2027, '常德市', '安乡县', '430721'),
(2028, '常德市', '汉寿县', '430722'),
(2029, '常德市', '澧县', '430723'),
(2030, '常德市', '临澧县', '430724'),
(2031, '常德市', '桃源县', '430725'),
(2032, '常德市', '石门县', '430726'),
(2033, '常德市', '津市市', '430781'),
(2034, '张家界市', '张家界市', '430800'),
(2035, '张家界市', '张家界市市辖区', '430801'),
(2036, '张家界市', '永定区', '430802'),
(2037, '张家界市', '武陵源区', '430811'),
(2038, '张家界市', '慈利县', '430821'),
(2039, '张家界市', '桑植县', '430822'),
(2040, '益阳市', '益阳市', '430900'),
(2041, '益阳市', '益阳市市辖区', '430901'),
(2042, '益阳市', '资阳区', '430902'),
(2043, '益阳市', '赫山区', '430903'),
(2044, '益阳市', '南县', '430921'),
(2045, '益阳市', '桃江县', '430922'),
(2046, '益阳市', '安化县', '430923'),
(2047, '益阳市', '沅江市', '430981'),
(2048, '郴州市', '郴州市', '431000'),
(2049, '郴州市', '郴州市市辖区', '431001'),
(2050, '郴州市', '北湖区', '431002'),
(2051, '郴州市', '苏仙区', '431003'),
(2052, '郴州市', '桂阳县', '431021'),
(2053, '郴州市', '宜章县', '431022'),
(2054, '郴州市', '永兴县', '431023'),
(2055, '郴州市', '嘉禾县', '431024'),
(2056, '郴州市', '临武县', '431025'),
(2057, '郴州市', '汝城县', '431026'),
(2058, '郴州市', '桂东县', '431027'),
(2059, '郴州市', '安仁县', '431028'),
(2060, '郴州市', '资兴市', '431081'),
(2061, '永州市', '永州市', '431100'),
(2062, '永州市', '永州市市辖区', '431101'),
(2063, '永州市', '零陵区', '431102'),
(2064, '永州市', '冷水滩区', '431103'),
(2065, '永州市', '祁阳县', '431121'),
(2066, '永州市', '东安县', '431122'),
(2067, '永州市', '双牌县', '431123'),
(2068, '永州市', '道县', '431124'),
(2069, '永州市', '江永县', '431125'),
(2070, '永州市', '宁远县', '431126'),
(2071, '永州市', '蓝山县', '431127'),
(2072, '永州市', '新田县', '431128'),
(2073, '永州市', '江华瑶族自治县', '431129'),
(2074, '怀化市', '怀化市', '431200'),
(2075, '怀化市', '怀化市市辖区', '431201'),
(2076, '怀化市', '鹤城区', '431202'),
(2077, '怀化市', '中方县', '431221'),
(2078, '怀化市', '沅陵县', '431222'),
(2079, '怀化市', '辰溪县', '431223'),
(2080, '怀化市', '溆浦县', '431224'),
(2081, '怀化市', '会同县', '431225'),
(2082, '怀化市', '麻阳苗族自治县', '431226'),
(2083, '怀化市', '新晃侗族自治县', '431227'),
(2084, '怀化市', '芷江侗族自治县', '431228'),
(2085, '怀化市', '靖州苗族侗族自治县', '431229'),
(2086, '怀化市', '通道侗族自治县', '431230'),
(2087, '怀化市', '洪江市', '431281'),
(2088, '娄底市', '娄底市', '431300'),
(2089, '娄底市', '娄底市市辖区', '431301'),
(2090, '娄底市', '娄星区', '431302'),
(2091, '娄底市', '双峰县', '431321'),
(2092, '娄底市', '新化县', '431322'),
(2093, '娄底市', '冷水江市', '431381'),
(2094, '娄底市', '涟源市', '431382'),
(2095, '湘西土家族苗族自治州', '湘西土家族苗族自治州', '433100'),
(2096, '湘西土家族苗族自治州', '吉首市', '433101'),
(2097, '湘西土家族苗族自治州', '泸溪县', '433122'),
(2098, '湘西土家族苗族自治州', '凤凰县', '433123'),
(2099, '湘西土家族苗族自治州', '花垣县', '433124'),
(2100, '湘西土家族苗族自治州', '保靖县', '433125'),
(2101, '湘西土家族苗族自治州', '古丈县', '433126'),
(2102, '湘西土家族苗族自治州', '永顺县', '433127'),
(2103, '湘西土家族苗族自治州', '龙山县', '433130'),
(2104, '广州市', '广州市', '440100'),
(2105, '广州市', '广州市市辖区', '440101'),
(2106, '广州市', '荔湾区', '440103'),
(2107, '广州市', '越秀区', '440104'),
(2108, '广州市', '海珠区', '440105'),
(2109, '广州市', '天河区', '440106'),
(2110, '广州市', '白云区', '440111'),
(2111, '广州市', '黄埔区', '440112'),
(2112, '广州市', '番禺区', '440113'),
(2113, '广州市', '花都区', '440114'),
(2114, '广州市', '南沙区', '440115'),
(2115, '广州市', '从化区', '440117'),
(2116, '广州市', '增城区', '440118'),
(2117, '韶关市', '韶关市', '440200'),
(2118, '韶关市', '韶关市市辖区', '440201'),
(2119, '韶关市', '武江区', '440203'),
(2120, '韶关市', '浈江区', '440204'),
(2121, '韶关市', '曲江区', '440205'),
(2122, '韶关市', '始兴县', '440222'),
(2123, '韶关市', '仁化县', '440224'),
(2124, '韶关市', '翁源县', '440229'),
(2125, '韶关市', '乳源瑶族自治县', '440232'),
(2126, '韶关市', '新丰县', '440233'),
(2127, '韶关市', '乐昌市', '440281'),
(2128, '韶关市', '南雄市', '440282'),
(2129, '深圳市', '深圳市', '440300'),
(2130, '深圳市', '深圳市市辖区', '440301'),
(2131, '深圳市', '罗湖区', '440303'),
(2132, '深圳市', '福田区', '440304'),
(2133, '深圳市', '南山区', '440305'),
(2134, '深圳市', '宝安区', '440306'),
(2135, '深圳市', '龙岗区', '440307'),
(2136, '深圳市', '盐田区', '440308'),
(2137, '深圳市', '龙华区', '440309'),
(2138, '深圳市', '坪山区', '440310'),
(2139, '深圳市', '光明区', '440311'),
(2140, '珠海市', '珠海市', '440400'),
(2141, '珠海市', '珠海市市辖区', '440401'),
(2142, '珠海市', '香洲区', '440402'),
(2143, '珠海市', '斗门区', '440403'),
(2144, '珠海市', '金湾区', '440404'),
(2145, '汕头市', '汕头市', '440500'),
(2146, '汕头市', '汕头市市辖区', '440501'),
(2147, '汕头市', '龙湖区', '440507'),
(2148, '汕头市', '金平区', '440511'),
(2149, '汕头市', '濠江区', '440512'),
(2150, '汕头市', '潮阳区', '440513'),
(2151, '汕头市', '潮南区', '440514'),
(2152, '汕头市', '澄海区', '440515'),
(2153, '汕头市', '南澳县', '440523'),
(2154, '佛山市', '佛山市', '440600'),
(2155, '佛山市', '佛山市市辖区', '440601'),
(2156, '佛山市', '禅城区', '440604'),
(2157, '佛山市', '南海区', '440605'),
(2158, '佛山市', '顺德区', '440606'),
(2159, '佛山市', '三水区', '440607'),
(2160, '佛山市', '高明区', '440608'),
(2161, '江门市', '江门市', '440700'),
(2162, '江门市', '江门市市辖区', '440701'),
(2163, '江门市', '蓬江区', '440703'),
(2164, '江门市', '江海区', '440704'),
(2165, '江门市', '新会区', '440705'),
(2166, '江门市', '台山市', '440781'),
(2167, '江门市', '开平市', '440783'),
(2168, '江门市', '鹤山市', '440784'),
(2169, '江门市', '恩平市', '440785'),
(2170, '湛江市', '湛江市', '440800'),
(2171, '湛江市', '湛江市市辖区', '440801'),
(2172, '湛江市', '赤坎区', '440802'),
(2173, '湛江市', '霞山区', '440803'),
(2174, '湛江市', '坡头区', '440804'),
(2175, '湛江市', '麻章区', '440811'),
(2176, '湛江市', '遂溪县', '440823'),
(2177, '湛江市', '徐闻县', '440825'),
(2178, '湛江市', '廉江市', '440881'),
(2179, '湛江市', '雷州市', '440882'),
(2180, '湛江市', '吴川市', '440883'),
(2181, '茂名市', '茂名市', '440900'),
(2182, '茂名市', '茂名市市辖区', '440901'),
(2183, '茂名市', '茂南区', '440902'),
(2184, '茂名市', '电白区', '440904'),
(2185, '茂名市', '高州市', '440981'),
(2186, '茂名市', '化州市', '440982'),
(2187, '茂名市', '信宜市', '440983'),
(2188, '肇庆市', '肇庆市', '441200'),
(2189, '肇庆市', '肇庆市市辖区', '441201'),
(2190, '肇庆市', '端州区', '441202'),
(2191, '肇庆市', '鼎湖区', '441203'),
(2192, '肇庆市', '高要区', '441204'),
(2193, '肇庆市', '广宁县', '441223'),
(2194, '肇庆市', '怀集县', '441224'),
(2195, '肇庆市', '封开县', '441225'),
(2196, '肇庆市', '德庆县', '441226'),
(2197, '肇庆市', '四会市', '441284'),
(2198, '惠州市', '惠州市', '441300'),
(2199, '惠州市', '惠州市市辖区', '441301'),
(2200, '惠州市', '惠城区', '441302'),
(2201, '惠州市', '惠阳区', '441303'),
(2202, '惠州市', '博罗县', '441322'),
(2203, '惠州市', '惠东县', '441323'),
(2204, '惠州市', '龙门县', '441324'),
(2205, '梅州市', '梅州市', '441400'),
(2206, '梅州市', '梅州市市辖区', '441401'),
(2207, '梅州市', '梅江区', '441402'),
(2208, '梅州市', '梅县区', '441403'),
(2209, '梅州市', '大埔县', '441422'),
(2210, '梅州市', '丰顺县', '441423'),
(2211, '梅州市', '五华县', '441424'),
(2212, '梅州市', '平远县', '441426'),
(2213, '梅州市', '蕉岭县', '441427'),
(2214, '梅州市', '兴宁市', '441481'),
(2215, '汕尾市', '汕尾市', '441500'),
(2216, '汕尾市', '汕尾市市辖区', '441501'),
(2217, '汕尾市', '城区', '441502'),
(2218, '汕尾市', '海丰县', '441521'),
(2219, '汕尾市', '陆河县', '441523'),
(2220, '汕尾市', '陆丰市', '441581'),
(2221, '河源市', '河源市', '441600'),
(2222, '河源市', '河源市市辖区', '441601'),
(2223, '河源市', '源城区', '441602'),
(2224, '河源市', '紫金县', '441621'),
(2225, '河源市', '龙川县', '441622'),
(2226, '河源市', '连平县', '441623'),
(2227, '河源市', '和平县', '441624'),
(2228, '河源市', '东源县', '441625'),
(2229, '阳江市', '阳江市', '441700'),
(2230, '阳江市', '阳江市市辖区', '441701'),
(2231, '阳江市', '江城区', '441702'),
(2232, '阳江市', '阳东区', '441704'),
(2233, '阳江市', '阳西县', '441721'),
(2234, '阳江市', '阳春市', '441781'),
(2235, '清远市', '清远市', '441800'),
(2236, '清远市', '清远市市辖区', '441801'),
(2237, '清远市', '清城区', '441802'),
(2238, '清远市', '清新区', '441803'),
(2239, '清远市', '佛冈县', '441821'),
(2240, '清远市', '阳山县', '441823'),
(2241, '清远市', '连山壮族瑶族自治县', '441825'),
(2242, '清远市', '连南瑶族自治县', '441826'),
(2243, '清远市', '英德市', '441881'),
(2244, '清远市', '连州市', '441882'),
(2245, '东莞市', '东莞市', '441900'),
(2246, '中山市', '中山市', '442000'),
(2247, '潮州市', '潮州市', '445100'),
(2248, '潮州市', '潮州市市辖区', '445101'),
(2249, '潮州市', '湘桥区', '445102'),
(2250, '潮州市', '潮安区', '445103'),
(2251, '潮州市', '饶平县', '445122'),
(2252, '揭阳市', '揭阳市', '445200'),
(2253, '揭阳市', '揭阳市市辖区', '445201'),
(2254, '揭阳市', '榕城区', '445202'),
(2255, '揭阳市', '揭东区', '445203'),
(2256, '揭阳市', '揭西县', '445222'),
(2257, '揭阳市', '惠来县', '445224'),
(2258, '揭阳市', '普宁市', '445281'),
(2259, '云浮市', '云浮市', '445300'),
(2260, '云浮市', '云浮市市辖区', '445301'),
(2261, '云浮市', '云城区', '445302'),
(2262, '云浮市', '云安区', '445303'),
(2263, '云浮市', '新兴县', '445321'),
(2264, '云浮市', '郁南县', '445322'),
(2265, '云浮市', '罗定市', '445381'),
(2266, '南宁市', '南宁市', '450100'),
(2267, '南宁市', '南宁市市辖区', '450101'),
(2268, '南宁市', '兴宁区', '450102'),
(2269, '南宁市', '青秀区', '450103'),
(2270, '南宁市', '江南区', '450105'),
(2271, '南宁市', '西乡塘区', '450107'),
(2272, '南宁市', '良庆区', '450108'),
(2273, '南宁市', '邕宁区', '450109'),
(2274, '南宁市', '武鸣区', '450110'),
(2275, '南宁市', '隆安县', '450123'),
(2276, '南宁市', '马山县', '450124'),
(2277, '南宁市', '上林县', '450125'),
(2278, '南宁市', '宾阳县', '450126'),
(2279, '南宁市', '横县', '450127'),
(2280, '柳州市', '柳州市', '450200'),
(2281, '柳州市', '柳州市市辖区', '450201'),
(2282, '柳州市', '城中区', '450202'),
(2283, '柳州市', '鱼峰区', '450203'),
(2284, '柳州市', '柳南区', '450204'),
(2285, '柳州市', '柳北区', '450205'),
(2286, '柳州市', '柳江区', '450206'),
(2287, '柳州市', '柳城县', '450222'),
(2288, '柳州市', '鹿寨县', '450223'),
(2289, '柳州市', '融安县', '450224'),
(2290, '柳州市', '融水苗族自治县', '450225'),
(2291, '柳州市', '三江侗族自治县', '450226'),
(2292, '桂林市', '桂林市', '450300'),
(2293, '桂林市', '桂林市市辖区', '450301'),
(2294, '桂林市', '秀峰区', '450302'),
(2295, '桂林市', '叠彩区', '450303'),
(2296, '桂林市', '象山区', '450304'),
(2297, '桂林市', '七星区', '450305'),
(2298, '桂林市', '雁山区', '450311'),
(2299, '桂林市', '临桂区', '450312'),
(2300, '桂林市', '阳朔县', '450321'),
(2301, '桂林市', '灵川县', '450323'),
(2302, '桂林市', '全州县', '450324'),
(2303, '桂林市', '兴安县', '450325'),
(2304, '桂林市', '永福县', '450326'),
(2305, '桂林市', '灌阳县', '450327'),
(2306, '桂林市', '龙胜各族自治县', '450328'),
(2307, '桂林市', '资源县', '450329'),
(2308, '桂林市', '平乐县', '450330'),
(2309, '桂林市', '荔浦市', '450381'),
(2310, '桂林市', '恭城瑶族自治县', '450332'),
(2311, '梧州市', '梧州市', '450400'),
(2312, '梧州市', '梧州市市辖区', '450401'),
(2313, '梧州市', '万秀区', '450403'),
(2314, '梧州市', '长洲区', '450405'),
(2315, '梧州市', '龙圩区', '450406'),
(2316, '梧州市', '苍梧县', '450421'),
(2317, '梧州市', '藤县', '450422'),
(2318, '梧州市', '蒙山县', '450423'),
(2319, '梧州市', '岑溪市', '450481'),
(2320, '北海市', '北海市', '450500'),
(2321, '北海市', '北海市市辖区', '450501'),
(2322, '北海市', '海城区', '450502'),
(2323, '北海市', '银海区', '450503'),
(2324, '北海市', '铁山港区', '450512'),
(2325, '北海市', '合浦县', '450521'),
(2326, '防城港市', '防城港市', '450600'),
(2327, '防城港市', '防城港市市辖区', '450601'),
(2328, '防城港市', '港口区', '450602'),
(2329, '防城港市', '防城区', '450603'),
(2330, '防城港市', '上思县', '450621'),
(2331, '防城港市', '东兴市', '450681'),
(2332, '钦州市', '钦州市', '450700'),
(2333, '钦州市', '钦州市市辖区', '450701'),
(2334, '钦州市', '钦南区', '450702'),
(2335, '钦州市', '钦北区', '450703'),
(2336, '钦州市', '灵山县', '450721'),
(2337, '钦州市', '浦北县', '450722'),
(2338, '贵港市', '贵港市', '450800'),
(2339, '贵港市', '贵港市市辖区', '450801'),
(2340, '贵港市', '港北区', '450802'),
(2341, '贵港市', '港南区', '450803'),
(2342, '贵港市', '覃塘区', '450804'),
(2343, '贵港市', '平南县', '450821'),
(2344, '贵港市', '桂平市', '450881'),
(2345, '玉林市', '玉林市', '450900'),
(2346, '玉林市', '玉林市市辖区', '450901'),
(2347, '玉林市', '玉州区', '450902'),
(2348, '玉林市', '福绵区', '450903'),
(2349, '玉林市', '容县', '450921'),
(2350, '玉林市', '陆川县', '450922'),
(2351, '玉林市', '博白县', '450923'),
(2352, '玉林市', '兴业县', '450924'),
(2353, '玉林市', '北流市', '450981'),
(2354, '百色市', '百色市', '451000'),
(2355, '百色市', '百色市市辖区', '451001'),
(2356, '百色市', '右江区', '451002'),
(2357, '百色市', '田阳县', '451021'),
(2358, '百色市', '田东县', '451022'),
(2359, '百色市', '平果县', '451023'),
(2360, '百色市', '德保县', '451024'),
(2361, '百色市', '那坡县', '451026'),
(2362, '百色市', '凌云县', '451027'),
(2363, '百色市', '乐业县', '451028'),
(2364, '百色市', '田林县', '451029'),
(2365, '百色市', '西林县', '451030'),
(2366, '百色市', '隆林各族自治县', '451031'),
(2367, '百色市', '靖西市', '451081'),
(2368, '贺州市', '贺州市', '451100'),
(2369, '贺州市', '贺州市市辖区', '451101'),
(2370, '贺州市', '八步区', '451102'),
(2371, '贺州市', '平桂区', '451103'),
(2372, '贺州市', '昭平县', '451121'),
(2373, '贺州市', '钟山县', '451122'),
(2374, '贺州市', '富川瑶族自治县', '451123'),
(2375, '河池市', '河池市', '451200'),
(2376, '河池市', '河池市市辖区', '451201'),
(2377, '河池市', '金城江区', '451202'),
(2378, '河池市', '宜州区', '451203'),
(2379, '河池市', '南丹县', '451221'),
(2380, '河池市', '天峨县', '451222'),
(2381, '河池市', '凤山县', '451223'),
(2382, '河池市', '东兰县', '451224'),
(2383, '河池市', '罗城仫佬族自治县', '451225'),
(2384, '河池市', '环江毛南族自治县', '451226'),
(2385, '河池市', '巴马瑶族自治县', '451227'),
(2386, '河池市', '都安瑶族自治县', '451228'),
(2387, '河池市', '大化瑶族自治县', '451229'),
(2388, '来宾市', '来宾市', '451300'),
(2389, '来宾市', '来宾市市辖区', '451301'),
(2390, '来宾市', '兴宾区', '451302'),
(2391, '来宾市', '忻城县', '451321'),
(2392, '来宾市', '象州县', '451322'),
(2393, '来宾市', '武宣县', '451323'),
(2394, '来宾市', '金秀瑶族自治县', '451324'),
(2395, '来宾市', '合山市', '451381'),
(2396, '崇左市', '崇左市', '451400'),
(2397, '崇左市', '崇左市市辖区', '451401'),
(2398, '崇左市', '江州区', '451402'),
(2399, '崇左市', '扶绥县', '451421'),
(2400, '崇左市', '宁明县', '451422'),
(2401, '崇左市', '龙州县', '451423'),
(2402, '崇左市', '大新县', '451424'),
(2403, '崇左市', '天等县', '451425'),
(2404, '崇左市', '凭祥市', '451481'),
(2405, '海口市', '海口市', '460100'),
(2406, '海口市', '海口市市辖区', '460101'),
(2407, '海口市', '秀英区', '460105'),
(2408, '海口市', '龙华区', '460106'),
(2409, '海口市', '琼山区', '460107'),
(2410, '海口市', '美兰区', '460108'),
(2411, '三亚市', '三亚市', '460200'),
(2412, '三亚市', '三亚市市辖区', '460201'),
(2413, '三亚市', '海棠区', '460202'),
(2414, '三亚市', '吉阳区', '460203'),
(2415, '三亚市', '天涯区', '460204'),
(2416, '三亚市', '崖州区', '460205'),
(2417, '三沙市', '三沙市', '460300'),
(2418, '三沙市', '三沙市市辖区', '460301'),
(2419, '西沙群岛', '西沙群岛', '460321'),
(2420, '南沙群岛', '南沙群岛', '460322'),
(2421, '中沙群岛的岛礁及其海域', '中沙群岛的岛礁及其海域', '460323'),
(2422, '儋州市', '儋州市', '460400'),
(2423, '五指山市', '五指山市', '469001'),
(2424, '琼海市', '琼海市', '469002'),
(2425, '文昌市', '文昌市', '469005'),
(2426, '万宁市', '万宁市', '469006'),
(2427, '东方市', '东方市', '469007'),
(2428, '定安县', '定安县', '469021'),
(2429, '屯昌县', '屯昌县', '469022'),
(2430, '澄迈县', '澄迈县', '469023'),
(2431, '临高县', '临高县', '469024'),
(2432, '白沙黎族自治县', '白沙黎族自治县', '469025'),
(2433, '昌江黎族自治县', '昌江黎族自治县', '469026'),
(2434, '乐东黎族自治县', '乐东黎族自治县', '469027'),
(2435, '陵水黎族自治县', '陵水黎族自治县', '469028'),
(2436, '保亭黎族苗族自治县', '保亭黎族苗族自治县', '469029'),
(2437, '琼中黎族苗族自治县', '琼中黎族苗族自治县', '469030'),
(2438, '重庆市', '重庆市', '500000'),
(2439, '重庆市', '重庆市市辖区', '500100'),
(2440, '重庆市', '万州区', '500101'),
(2441, '重庆市', '涪陵区', '500102'),
(2442, '重庆市', '渝中区', '500103'),
(2443, '重庆市', '大渡口区', '500104'),
(2444, '重庆市', '江北区', '500105'),
(2445, '重庆市', '沙坪坝区', '500106'),
(2446, '重庆市', '九龙坡区', '500107'),
(2447, '重庆市', '南岸区', '500108'),
(2448, '重庆市', '北碚区', '500109'),
(2449, '重庆市', '綦江区', '500110'),
(2450, '重庆市', '大足区', '500111'),
(2451, '重庆市', '渝北区', '500112'),
(2452, '重庆市', '巴南区', '500113'),
(2453, '重庆市', '黔江区', '500114'),
(2454, '重庆市', '长寿区', '500115'),
(2455, '重庆市', '江津区', '500116'),
(2456, '重庆市', '合川区', '500117'),
(2457, '重庆市', '永川区', '500118'),
(2458, '重庆市', '南川区', '500119'),
(2459, '重庆市', '璧山区', '500120'),
(2460, '重庆市', '铜梁区', '500151'),
(2461, '重庆市', '潼南区', '500152'),
(2462, '重庆市', '荣昌区', '500153'),
(2463, '重庆市', '开州区', '500154'),
(2464, '重庆市', '梁平区', '500155'),
(2465, '重庆市', '武隆区', '500156'),
(2466, '重庆市', '重庆市郊县', '500200'),
(2467, '重庆市', '城口县', '500229'),
(2468, '重庆市', '丰都县', '500230'),
(2469, '重庆市', '垫江县', '500231'),
(2470, '重庆市', '忠县', '500233'),
(2471, '重庆市', '云阳县', '500235'),
(2472, '重庆市', '奉节县', '500236'),
(2473, '重庆市', '巫山县', '500237'),
(2474, '重庆市', '巫溪县', '500238'),
(2475, '重庆市', '石柱土家族自治县', '500240'),
(2476, '重庆市', '秀山土家族苗族自治县', '500241'),
(2477, '重庆市', '酉阳土家族苗族自治县', '500242'),
(2478, '重庆市', '彭水苗族土家族自治县', '500243'),
(2479, '成都市', '成都市', '510100'),
(2480, '成都市', '成都市市辖区', '510101'),
(2481, '成都市', '锦江区', '510104'),
(2482, '成都市', '青羊区', '510105'),
(2483, '成都市', '金牛区', '510106'),
(2484, '成都市', '武侯区', '510107'),
(2485, '成都市', '成华区', '510108'),
(2486, '成都市', '龙泉驿区', '510112'),
(2487, '成都市', '青白江区', '510113'),
(2488, '成都市', '新都区', '510114'),
(2489, '成都市', '温江区', '510115'),
(2490, '成都市', '双流区', '510116'),
(2491, '成都市', '郫都区', '510117'),
(2492, '成都市', '金堂县', '510121'),
(2493, '成都市', '大邑县', '510129'),
(2494, '成都市', '蒲江县', '510131'),
(2495, '成都市', '新津县', '510132'),
(2496, '成都市', '都江堰市', '510181'),
(2497, '成都市', '彭州市', '510182'),
(2498, '成都市', '邛崃市', '510183'),
(2499, '成都市', '崇州市', '510184'),
(2500, '成都市', '简阳市', '510185'),
(2501, '自贡市', '自贡市', '510300'),
(2502, '自贡市', '自贡市市辖区', '510301'),
(2503, '自贡市', '自流井区', '510302'),
(2504, '自贡市', '贡井区', '510303'),
(2505, '自贡市', '大安区', '510304'),
(2506, '自贡市', '沿滩区', '510311'),
(2507, '自贡市', '荣县', '510321'),
(2508, '自贡市', '富顺县', '510322'),
(2509, '攀枝花市', '攀枝花市', '510400'),
(2510, '攀枝花市', '攀枝花市市辖区', '510401'),
(2511, '攀枝花市', '东区', '510402'),
(2512, '攀枝花市', '西区', '510403'),
(2513, '攀枝花市', '仁和区', '510411'),
(2514, '攀枝花市', '米易县', '510421'),
(2515, '攀枝花市', '盐边县', '510422'),
(2516, '泸州市', '泸州市', '510500'),
(2517, '泸州市', '泸州市市辖区', '510501'),
(2518, '泸州市', '江阳区', '510502'),
(2519, '泸州市', '纳溪区', '510503'),
(2520, '泸州市', '龙马潭区', '510504'),
(2521, '泸州市', '泸县', '510521'),
(2522, '泸州市', '合江县', '510522'),
(2523, '泸州市', '叙永县', '510524'),
(2524, '泸州市', '古蔺县', '510525'),
(2525, '德阳市', '德阳市', '510600'),
(2526, '德阳市', '德阳市市辖区', '510601'),
(2527, '德阳市', '旌阳区', '510603'),
(2528, '德阳市', '中江县', '510623'),
(2529, '德阳市', '罗江区', '510604'),
(2530, '德阳市', '广汉市', '510681'),
(2531, '德阳市', '什邡市', '510682'),
(2532, '德阳市', '绵竹市', '510683'),
(2533, '绵阳市', '绵阳市', '510700'),
(2534, '绵阳市', '绵阳市市辖区', '510701'),
(2535, '绵阳市', '涪城区', '510703'),
(2536, '绵阳市', '游仙区', '510704'),
(2537, '绵阳市', '安州区', '510705'),
(2538, '绵阳市', '三台县', '510722'),
(2539, '绵阳市', '盐亭县', '510723'),
(2540, '绵阳市', '梓潼县', '510725'),
(2541, '绵阳市', '北川羌族自治县', '510726'),
(2542, '绵阳市', '平武县', '510727'),
(2543, '绵阳市', '江油市', '510781'),
(2544, '广元市', '广元市', '510800'),
(2545, '广元市', '广元市市辖区', '510801'),
(2546, '广元市', '利州区', '510802'),
(2547, '广元市', '昭化区', '510811'),
(2548, '广元市', '朝天区', '510812'),
(2549, '广元市', '旺苍县', '510821'),
(2550, '广元市', '青川县', '510822'),
(2551, '广元市', '剑阁县', '510823'),
(2552, '广元市', '苍溪县', '510824'),
(2553, '遂宁市', '遂宁市', '510900'),
(2554, '遂宁市', '遂宁市市辖区', '510901'),
(2555, '遂宁市', '船山区', '510903'),
(2556, '遂宁市', '安居区', '510904'),
(2557, '遂宁市', '蓬溪县', '510921'),
(2558, '遂宁市', '射洪县', '510922'),
(2559, '遂宁市', '大英县', '510923'),
(2560, '内江市', '内江市', '511000'),
(2561, '内江市', '内江市市辖区', '511001'),
(2562, '内江市', '市中区', '511002'),
(2563, '内江市', '东兴区', '511011'),
(2564, '内江市', '威远县', '511024'),
(2565, '内江市', '资中县', '511025'),
(2566, '内江市', '隆昌市', '511083'),
(2567, '乐山市', '乐山市', '511100'),
(2568, '乐山市', '乐山市市辖区', '511101'),
(2569, '乐山市', '市中区', '511102'),
(2570, '乐山市', '沙湾区', '511111'),
(2571, '乐山市', '五通桥区', '511112'),
(2572, '乐山市', '金口河区', '511113'),
(2573, '乐山市', '犍为县', '511123'),
(2574, '乐山市', '井研县', '511124'),
(2575, '乐山市', '夹江县', '511126'),
(2576, '乐山市', '沐川县', '511129'),
(2577, '乐山市', '峨边彝族自治县', '511132'),
(2578, '乐山市', '马边彝族自治县', '511133'),
(2579, '乐山市', '峨眉山市', '511181'),
(2580, '南充市', '南充市', '511300'),
(2581, '南充市', '南充市市辖区', '511301'),
(2582, '南充市', '顺庆区', '511302'),
(2583, '南充市', '高坪区', '511303'),
(2584, '南充市', '嘉陵区', '511304'),
(2585, '南充市', '南部县', '511321'),
(2586, '南充市', '营山县', '511322'),
(2587, '南充市', '蓬安县', '511323'),
(2588, '南充市', '仪陇县', '511324'),
(2589, '南充市', '西充县', '511325'),
(2590, '南充市', '阆中市', '511381'),
(2591, '眉山市', '眉山市', '511400'),
(2592, '眉山市', '眉山市市辖区', '511401'),
(2593, '眉山市', '东坡区', '511402'),
(2594, '眉山市', '彭山区', '511403'),
(2595, '眉山市', '仁寿县', '511421'),
(2596, '眉山市', '洪雅县', '511423'),
(2597, '眉山市', '丹棱县', '511424'),
(2598, '眉山市', '青神县', '511425'),
(2599, '宜宾市', '宜宾市', '511500'),
(2600, '宜宾市', '宜宾市市辖区', '511501'),
(2601, '宜宾市', '翠屏区', '511502'),
(2602, '宜宾市', '南溪区', '511503'),
(2603, '宜宾市', '叙州区', '511504'),
(2604, '宜宾市', '江安县', '511523'),
(2605, '宜宾市', '长宁县', '511524'),
(2606, '宜宾市', '高县', '511525'),
(2607, '宜宾市', '珙县', '511526'),
(2608, '宜宾市', '筠连县', '511527'),
(2609, '宜宾市', '兴文县', '511528'),
(2610, '宜宾市', '屏山县', '511529'),
(2611, '广安市', '广安市', '511600'),
(2612, '广安市', '广安市市辖区', '511601'),
(2613, '广安市', '广安区', '511602'),
(2614, '广安市', '前锋区', '511603'),
(2615, '广安市', '岳池县', '511621'),
(2616, '广安市', '武胜县', '511622'),
(2617, '广安市', '邻水县', '511623'),
(2618, '广安市', '华蓥市', '511681'),
(2619, '达州市', '达州市', '511700'),
(2620, '达州市', '达州市市辖区', '511701'),
(2621, '达州市', '通川区', '511702'),
(2622, '达州市', '达川区', '511703'),
(2623, '达州市', '宣汉县', '511722'),
(2624, '达州市', '开江县', '511723'),
(2625, '达州市', '大竹县', '511724'),
(2626, '达州市', '渠县', '511725'),
(2627, '达州市', '万源市', '511781'),
(2628, '雅安市', '雅安市', '511800'),
(2629, '雅安市', '雅安市市辖区', '511801'),
(2630, '雅安市', '雨城区', '511802'),
(2631, '雅安市', '名山区', '511803'),
(2632, '雅安市', '荥经县', '511822'),
(2633, '雅安市', '汉源县', '511823'),
(2634, '雅安市', '石棉县', '511824'),
(2635, '雅安市', '天全县', '511825'),
(2636, '雅安市', '芦山县', '511826'),
(2637, '雅安市', '宝兴县', '511827'),
(2638, '巴中市', '巴中市', '511900'),
(2639, '巴中市', '巴中市市辖区', '511901'),
(2640, '巴中市', '巴州区', '511902'),
(2641, '巴中市', '恩阳区', '511903'),
(2642, '巴中市', '通江县', '511921'),
(2643, '巴中市', '南江县', '511922'),
(2644, '巴中市', '平昌县', '511923'),
(2645, '资阳市', '资阳市', '512000'),
(2646, '资阳市', '资阳市市辖区', '512001'),
(2647, '资阳市', '雁江区', '512002'),
(2648, '资阳市', '安岳县', '512021'),
(2649, '资阳市', '乐至县', '512022'),
(2650, '阿坝藏族羌族自治州', '阿坝藏族羌族自治州', '513200'),
(2651, '阿坝藏族羌族自治州', '马尔康市', '513201'),
(2652, '阿坝藏族羌族自治州', '汶川县', '513221'),
(2653, '阿坝藏族羌族自治州', '理县', '513222'),
(2654, '阿坝藏族羌族自治州', '茂县', '513223'),
(2655, '阿坝藏族羌族自治州', '松潘县', '513224'),
(2656, '阿坝藏族羌族自治州', '九寨沟县', '513225'),
(2657, '阿坝藏族羌族自治州', '金川县', '513226'),
(2658, '阿坝藏族羌族自治州', '小金县', '513227'),
(2659, '阿坝藏族羌族自治州', '黑水县', '513228'),
(2660, '阿坝藏族羌族自治州', '壤塘县', '513230'),
(2661, '阿坝藏族羌族自治州', '阿坝县', '513231'),
(2662, '阿坝藏族羌族自治州', '若尔盖县', '513232'),
(2663, '阿坝藏族羌族自治州', '红原县', '513233'),
(2664, '甘孜藏族自治州', '甘孜藏族自治州', '513300'),
(2665, '甘孜藏族自治州', '康定市', '513301'),
(2666, '甘孜藏族自治州', '泸定县', '513322'),
(2667, '甘孜藏族自治州', '丹巴县', '513323'),
(2668, '甘孜藏族自治州', '九龙县', '513324'),
(2669, '甘孜藏族自治州', '雅江县', '513325'),
(2670, '甘孜藏族自治州', '道孚县', '513326'),
(2671, '甘孜藏族自治州', '炉霍县', '513327'),
(2672, '甘孜藏族自治州', '甘孜县', '513328'),
(2673, '甘孜藏族自治州', '新龙县', '513329'),
(2674, '甘孜藏族自治州', '德格县', '513330'),
(2675, '甘孜藏族自治州', '白玉县', '513331'),
(2676, '甘孜藏族自治州', '石渠县', '513332'),
(2677, '甘孜藏族自治州', '色达县', '513333'),
(2678, '甘孜藏族自治州', '理塘县', '513334'),
(2679, '甘孜藏族自治州', '巴塘县', '513335'),
(2680, '甘孜藏族自治州', '乡城县', '513336'),
(2681, '甘孜藏族自治州', '稻城县', '513337'),
(2682, '甘孜藏族自治州', '得荣县', '513338'),
(2683, '凉山彝族自治州', '凉山彝族自治州', '513400'),
(2684, '凉山彝族自治州', '西昌市', '513401'),
(2685, '凉山彝族自治州', '木里藏族自治县', '513422'),
(2686, '凉山彝族自治州', '盐源县', '513423'),
(2687, '凉山彝族自治州', '德昌县', '513424'),
(2688, '凉山彝族自治州', '会理县', '513425'),
(2689, '凉山彝族自治州', '会东县', '513426'),
(2690, '凉山彝族自治州', '宁南县', '513427'),
(2691, '凉山彝族自治州', '普格县', '513428'),
(2692, '凉山彝族自治州', '布拖县', '513429'),
(2693, '凉山彝族自治州', '金阳县', '513430'),
(2694, '凉山彝族自治州', '昭觉县', '513431'),
(2695, '凉山彝族自治州', '喜德县', '513432'),
(2696, '凉山彝族自治州', '冕宁县', '513433'),
(2697, '凉山彝族自治州', '越西县', '513434'),
(2698, '凉山彝族自治州', '甘洛县', '513435'),
(2699, '凉山彝族自治州', '美姑县', '513436'),
(2700, '凉山彝族自治州', '雷波县', '513437'),
(2701, '贵阳市', '贵阳市', '520100'),
(2702, '贵阳市', '贵阳市市辖区', '520101'),
(2703, '贵阳市', '南明区', '520102'),
(2704, '贵阳市', '云岩区', '520103'),
(2705, '贵阳市', '花溪区', '520111'),
(2706, '贵阳市', '乌当区', '520112'),
(2707, '贵阳市', '白云区', '520113'),
(2708, '贵阳市', '观山湖区', '520115'),
(2709, '贵阳市', '开阳县', '520121'),
(2710, '贵阳市', '息烽县', '520122'),
(2711, '贵阳市', '修文县', '520123'),
(2712, '贵阳市', '清镇市', '520181'),
(2713, '六盘水市', '六盘水市', '520200'),
(2714, '六盘水市', '钟山区', '520201'),
(2715, '六盘水市', '六枝特区', '520203'),
(2716, '六盘水市', '水城县', '520221'),
(2717, '六盘水市', '盘州市', '520281'),
(2718, '遵义市', '遵义市', '520300'),
(2719, '遵义市', '遵义市市辖区', '520301'),
(2720, '遵义市', '红花岗区', '520302'),
(2721, '遵义市', '汇川区', '520303'),
(2722, '遵义市', '播州区', '520304'),
(2723, '遵义市', '桐梓县', '520322'),
(2724, '遵义市', '绥阳县', '520323'),
(2725, '遵义市', '正安县', '520324'),
(2726, '遵义市', '道真仡佬族苗族自治县', '520325'),
(2727, '遵义市', '务川仡佬族苗族自治县', '520326'),
(2728, '遵义市', '凤冈县', '520327'),
(2729, '遵义市', '湄潭县', '520328'),
(2730, '遵义市', '余庆县', '520329'),
(2731, '遵义市', '习水县', '520330'),
(2732, '遵义市', '赤水市', '520381'),
(2733, '遵义市', '仁怀市', '520382'),
(2734, '安顺市', '安顺市', '520400'),
(2735, '安顺市', '安顺市市辖区', '520401'),
(2736, '安顺市', '西秀区', '520402'),
(2737, '安顺市', '平坝区', '520403'),
(2738, '安顺市', '普定县', '520422'),
(2739, '安顺市', '镇宁布依族苗族自治县', '520423'),
(2740, '安顺市', '关岭布依族苗族自治县', '520424'),
(2741, '安顺市', '紫云苗族布依族自治县', '520425'),
(2742, '毕节市', '毕节市', '520500'),
(2743, '毕节市', '七星关区', '520502'),
(2744, '毕节市', '大方县', '520521'),
(2745, '毕节市', '黔西县', '520522'),
(2746, '毕节市', '金沙县', '520523'),
(2747, '毕节市', '织金县', '520524'),
(2748, '毕节市', '纳雍县', '520525'),
(2749, '毕节市', '威宁彝族回族苗族自治县', '520526'),
(2750, '毕节市', '赫章县', '520527'),
(2751, '铜仁市', '铜仁市', '520600'),
(2752, '铜仁市', '碧江区', '520602'),
(2753, '铜仁市', '万山区', '520603'),
(2754, '铜仁市', '江口县', '520621'),
(2755, '铜仁市', '玉屏侗族自治县', '520622'),
(2756, '铜仁市', '石阡县', '520623'),
(2757, '铜仁市', '思南县', '520624'),
(2758, '铜仁市', '印江土家族苗族自治县', '520625'),
(2759, '铜仁市', '德江县', '520626'),
(2760, '铜仁市', '沿河土家族自治县', '520627'),
(2761, '铜仁市', '松桃苗族自治县', '520628'),
(2762, '黔西南布依族苗族自治州', '黔西南布依族苗族自治州', '522300'),
(2763, '黔西南布依族苗族自治州', '兴义市', '522301'),
(2764, '黔西南布依族苗族自治州', '兴仁市', '522302'),
(2765, '黔西南布依族苗族自治州', '普安县', '522323'),
(2766, '黔西南布依族苗族自治州', '晴隆县', '522324'),
(2767, '黔西南布依族苗族自治州', '贞丰县', '522325'),
(2768, '黔西南布依族苗族自治州', '望谟县', '522326'),
(2769, '黔西南布依族苗族自治州', '册亨县', '522327'),
(2770, '黔西南布依族苗族自治州', '安龙县', '522328'),
(2771, '黔东南苗族侗族自治州', '黔东南苗族侗族自治州', '522600'),
(2772, '黔东南苗族侗族自治州', '凯里市', '522601'),
(2773, '黔东南苗族侗族自治州', '黄平县', '522622'),
(2774, '黔东南苗族侗族自治州', '施秉县', '522623'),
(2775, '黔东南苗族侗族自治州', '三穗县', '522624'),
(2776, '黔东南苗族侗族自治州', '镇远县', '522625'),
(2777, '黔东南苗族侗族自治州', '岑巩县', '522626'),
(2778, '黔东南苗族侗族自治州', '天柱县', '522627'),
(2779, '黔东南苗族侗族自治州', '锦屏县', '522628'),
(2780, '黔东南苗族侗族自治州', '剑河县', '522629'),
(2781, '黔东南苗族侗族自治州', '台江县', '522630'),
(2782, '黔东南苗族侗族自治州', '黎平县', '522631'),
(2783, '黔东南苗族侗族自治州', '榕江县', '522632'),
(2784, '黔东南苗族侗族自治州', '从江县', '522633'),
(2785, '黔东南苗族侗族自治州', '雷山县', '522634'),
(2786, '黔东南苗族侗族自治州', '麻江县', '522635'),
(2787, '黔东南苗族侗族自治州', '丹寨县', '522636'),
(2788, '黔南布依族苗族自治州', '黔南布依族苗族自治州', '522700'),
(2789, '黔南布依族苗族自治州', '都匀市', '522701'),
(2790, '黔南布依族苗族自治州', '福泉市', '522702'),
(2791, '黔南布依族苗族自治州', '荔波县', '522722'),
(2792, '黔南布依族苗族自治州', '贵定县', '522723'),
(2793, '黔南布依族苗族自治州', '瓮安县', '522725'),
(2794, '黔南布依族苗族自治州', '独山县', '522726'),
(2795, '黔南布依族苗族自治州', '平塘县', '522727'),
(2796, '黔南布依族苗族自治州', '罗甸县', '522728'),
(2797, '黔南布依族苗族自治州', '长顺县', '522729'),
(2798, '黔南布依族苗族自治州', '龙里县', '522730'),
(2799, '黔南布依族苗族自治州', '惠水县', '522731'),
(2800, '黔南布依族苗族自治州', '三都水族自治县', '522732'),
(2801, '昆明市', '昆明市', '530100'),
(2802, '昆明市', '昆明市市辖区', '530101'),
(2803, '昆明市', '五华区', '530102'),
(2804, '昆明市', '盘龙区', '530103'),
(2805, '昆明市', '官渡区', '530111'),
(2806, '昆明市', '西山区', '530112'),
(2807, '昆明市', '东川区', '530113'),
(2808, '昆明市', '呈贡区', '530114'),
(2809, '昆明市', '晋宁区', '530115'),
(2810, '昆明市', '富民县', '530124'),
(2811, '昆明市', '宜良县', '530125'),
(2812, '昆明市', '石林彝族自治县', '530126'),
(2813, '昆明市', '嵩明县', '530127'),
(2814, '昆明市', '禄劝彝族苗族自治县', '530128'),
(2815, '昆明市', '寻甸回族彝族自治县', '530129'),
(2816, '昆明市', '安宁市', '530181'),
(2817, '曲靖市', '曲靖市', '530300'),
(2818, '曲靖市', '曲靖市市辖区', '530301'),
(2819, '曲靖市', '麒麟区', '530302'),
(2820, '曲靖市', '沾益区', '530303'),
(2821, '曲靖市', '马龙区', '530304'),
(2822, '曲靖市', '陆良县', '530322'),
(2823, '曲靖市', '师宗县', '530323'),
(2824, '曲靖市', '罗平县', '530324'),
(2825, '曲靖市', '富源县', '530325'),
(2826, '曲靖市', '会泽县', '530326'),
(2827, '曲靖市', '宣威市', '530381'),
(2828, '玉溪市', '玉溪市', '530400'),
(2829, '玉溪市', '玉溪市市辖区', '530401'),
(2830, '玉溪市', '红塔区', '530402'),
(2831, '玉溪市', '江川区', '530403'),
(2832, '玉溪市', '澄江县', '530422'),
(2833, '玉溪市', '通海县', '530423'),
(2834, '玉溪市', '华宁县', '530424'),
(2835, '玉溪市', '易门县', '530425'),
(2836, '玉溪市', '峨山彝族自治县', '530426'),
(2837, '玉溪市', '新平彝族傣族自治县', '530427'),
(2838, '玉溪市', '元江哈尼族彝族傣族自治县', '530428'),
(2839, '保山市', '保山市', '530500'),
(2840, '保山市', '保山市市辖区', '530501'),
(2841, '保山市', '隆阳区', '530502'),
(2842, '保山市', '施甸县', '530521'),
(2843, '保山市', '龙陵县', '530523'),
(2844, '保山市', '昌宁县', '530524'),
(2845, '保山市', '腾冲市', '530581'),
(2846, '昭通市', '昭通市', '530600'),
(2847, '昭通市', '昭通市市辖区', '530601'),
(2848, '昭通市', '昭阳区', '530602'),
(2849, '昭通市', '鲁甸县', '530621'),
(2850, '昭通市', '巧家县', '530622'),
(2851, '昭通市', '盐津县', '530623'),
(2852, '昭通市', '大关县', '530624'),
(2853, '昭通市', '永善县', '530625'),
(2854, '昭通市', '绥江县', '530626'),
(2855, '昭通市', '镇雄县', '530627'),
(2856, '昭通市', '彝良县', '530628'),
(2857, '昭通市', '威信县', '530629'),
(2858, '昭通市', '水富市', '530681'),
(2859, '丽江市', '丽江市', '530700'),
(2860, '丽江市', '丽江市市辖区', '530701'),
(2861, '丽江市', '古城区', '530702'),
(2862, '丽江市', '玉龙纳西族自治县', '530721'),
(2863, '丽江市', '永胜县', '530722'),
(2864, '丽江市', '华坪县', '530723'),
(2865, '丽江市', '宁蒗彝族自治县', '530724'),
(2866, '普洱市', '普洱市', '530800'),
(2867, '普洱市', '普洱市市辖区', '530801'),
(2868, '普洱市', '思茅区', '530802'),
(2869, '普洱市', '宁洱哈尼族彝族自治县', '530821'),
(2870, '普洱市', '墨江哈尼族自治县', '530822'),
(2871, '普洱市', '景东彝族自治县', '530823'),
(2872, '普洱市', '景谷傣族彝族自治县', '530824'),
(2873, '普洱市', '镇沅彝族哈尼族拉祜族自治县', '530825'),
(2874, '普洱市', '江城哈尼族彝族自治县', '530826'),
(2875, '普洱市', '孟连傣族拉祜族佤族自治县', '530827'),
(2876, '普洱市', '澜沧拉祜族自治县', '530828'),
(2877, '普洱市', '西盟佤族自治县', '530829'),
(2878, '临沧市', '临沧市', '530900'),
(2879, '临沧市', '临沧市市辖区', '530901'),
(2880, '临沧市', '临翔区', '530902'),
(2881, '临沧市', '凤庆县', '530921'),
(2882, '临沧市', '云县', '530922'),
(2883, '临沧市', '永德县', '530923'),
(2884, '临沧市', '镇康县', '530924'),
(2885, '临沧市', '双江拉祜族佤族布朗族傣族自治县', '530925'),
(2886, '临沧市', '耿马傣族佤族自治县', '530926'),
(2887, '临沧市', '沧源佤族自治县', '530927'),
(2888, '楚雄彝族自治州', '楚雄彝族自治州', '532300'),
(2889, '楚雄彝族自治州', '楚雄市', '532301'),
(2890, '楚雄彝族自治州', '双柏县', '532322'),
(2891, '楚雄彝族自治州', '牟定县', '532323'),
(2892, '楚雄彝族自治州', '南华县', '532324'),
(2893, '楚雄彝族自治州', '姚安县', '532325'),
(2894, '楚雄彝族自治州', '大姚县', '532326'),
(2895, '楚雄彝族自治州', '永仁县', '532327'),
(2896, '楚雄彝族自治州', '元谋县', '532328'),
(2897, '楚雄彝族自治州', '武定县', '532329'),
(2898, '楚雄彝族自治州', '禄丰县', '532331'),
(2899, '红河哈尼族彝族自治州', '红河哈尼族彝族自治州', '532500'),
(2900, '红河哈尼族彝族自治州', '个旧市', '532501'),
(2901, '红河哈尼族彝族自治州', '开远市', '532502'),
(2902, '红河哈尼族彝族自治州', '蒙自市', '532503'),
(2903, '红河哈尼族彝族自治州', '弥勒市', '532504'),
(2904, '红河哈尼族彝族自治州', '屏边苗族自治县', '532523'),
(2905, '红河哈尼族彝族自治州', '建水县', '532524'),
(2906, '红河哈尼族彝族自治州', '石屏县', '532525'),
(2907, '红河哈尼族彝族自治州', '泸西县', '532527'),
(2908, '红河哈尼族彝族自治州', '元阳县', '532528'),
(2909, '红河哈尼族彝族自治州', '红河县', '532529'),
(2910, '红河哈尼族彝族自治州', '金平苗族瑶族傣族自治县', '532530'),
(2911, '红河哈尼族彝族自治州', '绿春县', '532531'),
(2912, '红河哈尼族彝族自治州', '河口瑶族自治县', '532532'),
(2913, '文山壮族苗族自治州', '文山壮族苗族自治州', '532600'),
(2914, '文山壮族苗族自治州', '文山市', '532601'),
(2915, '文山壮族苗族自治州', '砚山县', '532622'),
(2916, '文山壮族苗族自治州', '西畴县', '532623'),
(2917, '文山壮族苗族自治州', '麻栗坡县', '532624'),
(2918, '文山壮族苗族自治州', '马关县', '532625'),
(2919, '文山壮族苗族自治州', '丘北县', '532626'),
(2920, '文山壮族苗族自治州', '广南县', '532627'),
(2921, '文山壮族苗族自治州', '富宁县', '532628'),
(2922, '西双版纳傣族自治州', '西双版纳傣族自治州', '532800'),
(2923, '西双版纳傣族自治州', '景洪市', '532801'),
(2924, '西双版纳傣族自治州', '勐海县', '532822'),
(2925, '西双版纳傣族自治州', '勐腊县', '532823'),
(2926, '大理白族自治州', '大理白族自治州', '532900'),
(2927, '大理白族自治州', '大理市', '532901'),
(2928, '大理白族自治州', '漾濞彝族自治县', '532922'),
(2929, '大理白族自治州', '祥云县', '532923'),
(2930, '大理白族自治州', '宾川县', '532924'),
(2931, '大理白族自治州', '弥渡县', '532925'),
(2932, '大理白族自治州', '南涧彝族自治县', '532926'),
(2933, '大理白族自治州', '巍山彝族回族自治县', '532927'),
(2934, '大理白族自治州', '永平县', '532928'),
(2935, '大理白族自治州', '云龙县', '532929'),
(2936, '大理白族自治州', '洱源县', '532930'),
(2937, '大理白族自治州', '剑川县', '532931'),
(2938, '大理白族自治州', '鹤庆县', '532932'),
(2939, '德宏傣族景颇族自治州', '德宏傣族景颇族自治州', '533100'),
(2940, '德宏傣族景颇族自治州', '瑞丽市', '533102'),
(2941, '德宏傣族景颇族自治州', '芒市', '533103'),
(2942, '德宏傣族景颇族自治州', '梁河县', '533122'),
(2943, '德宏傣族景颇族自治州', '盈江县', '533123'),
(2944, '德宏傣族景颇族自治州', '陇川县', '533124'),
(2945, '怒江傈僳族自治州', '怒江傈僳族自治州', '533300'),
(2946, '怒江傈僳族自治州', '泸水市', '533301'),
(2947, '怒江傈僳族自治州', '福贡县', '533323'),
(2948, '怒江傈僳族自治州', '贡山独龙族怒族自治县', '533324'),
(2949, '怒江傈僳族自治州', '兰坪白族普米族自治县', '533325'),
(2950, '迪庆藏族自治州', '迪庆藏族自治州', '533400'),
(2951, '迪庆藏族自治州', '香格里拉市', '533401'),
(2952, '迪庆藏族自治州', '德钦县', '533422'),
(2953, '迪庆藏族自治州', '维西傈僳族自治县', '533423'),
(2954, '拉萨市', '拉萨市', '540100'),
(2955, '拉萨市', '拉萨市市辖区', '540101'),
(2956, '拉萨市', '城关区', '540102'),
(2957, '拉萨市', '堆龙德庆区', '540103'),
(2958, '拉萨市', '达孜区', '540104'),
(2959, '拉萨市', '林周县', '540121'),
(2960, '拉萨市', '当雄县', '540122'),
(2961, '拉萨市', '尼木县', '540123'),
(2962, '拉萨市', '曲水县', '540124'),
(2963, '拉萨市', '墨竹工卡县', '540127'),
(2964, '日喀则市', '日喀则市', '540200'),
(2965, '日喀则市', '桑珠孜区', '540202'),
(2966, '日喀则市', '南木林县', '540221'),
(2967, '日喀则市', '江孜县', '540222'),
(2968, '日喀则市', '定日县', '540223'),
(2969, '日喀则市', '萨迦县', '540224'),
(2970, '日喀则市', '拉孜县', '540225'),
(2971, '日喀则市', '昂仁县', '540226'),
(2972, '日喀则市', '谢通门县', '540227'),
(2973, '日喀则市', '白朗县', '540228'),
(2974, '日喀则市', '仁布县', '540229'),
(2975, '日喀则市', '康马县', '540230'),
(2976, '日喀则市', '定结县', '540231'),
(2977, '日喀则市', '仲巴县', '540232'),
(2978, '日喀则市', '亚东县', '540233'),
(2979, '日喀则市', '吉隆县', '540234'),
(2980, '日喀则市', '聂拉木县', '540235'),
(2981, '日喀则市', '萨嘎县', '540236'),
(2982, '日喀则市', '岗巴县', '540237'),
(2983, '昌都市', '昌都市', '540300'),
(2984, '昌都市', '卡若区', '540302'),
(2985, '昌都市', '江达县', '540321'),
(2986, '昌都市', '贡觉县', '540322'),
(2987, '昌都市', '类乌齐县', '540323'),
(2988, '昌都市', '丁青县', '540324'),
(2989, '昌都市', '察雅县', '540325'),
(2990, '昌都市', '八宿县', '540326'),
(2991, '昌都市', '左贡县', '540327'),
(2992, '昌都市', '芒康县', '540328'),
(2993, '昌都市', '洛隆县', '540329'),
(2994, '昌都市', '边坝县', '540330'),
(2995, '林芝市', '林芝市', '540400'),
(2996, '林芝市', '巴宜区', '540402'),
(2997, '林芝市', '工布江达县', '540421'),
(2998, '林芝市', '米林县', '540422'),
(2999, '林芝市', '墨脱县', '540423'),
(3000, '林芝市', '波密县', '540424'),
(3001, '林芝市', '察隅县', '540425'),
(3002, '林芝市', '朗县', '540426'),
(3003, '山南市', '山南市', '540500'),
(3004, '山南市', '乃东区', '540502'),
(3005, '山南市', '扎囊县', '540521'),
(3006, '山南市', '贡嘎县', '540522'),
(3007, '山南市', '桑日县', '540523'),
(3008, '山南市', '琼结县', '540524'),
(3009, '山南市', '曲松县', '540525'),
(3010, '山南市', '措美县', '540526'),
(3011, '山南市', '洛扎县', '540527'),
(3012, '山南市', '加查县', '540528'),
(3013, '山南市', '隆子县', '540529'),
(3014, '山南市', '错那县', '540530'),
(3015, '山南市', '浪卡子县', '540531'),
(3016, '那曲市', '那曲市', '540600'),
(3017, '那曲市', '色尼区', '540602'),
(3018, '那曲市', '嘉黎县', '540621'),
(3019, '那曲市', '比如县', '540622'),
(3020, '那曲市', '聂荣县', '540623'),
(3021, '那曲市', '安多县', '540624'),
(3022, '那曲市', '申扎县', '540625'),
(3023, '那曲市', '索县', '540626'),
(3024, '那曲市', '班戈县', '540627'),
(3025, '那曲市', '巴青县', '540628'),
(3026, '那曲市', '尼玛县', '540629'),
(3027, '那曲市', '双湖县', '540630'),
(3028, '阿里地区', '阿里地区', '542500'),
(3029, '阿里地区', '普兰县', '542521'),
(3030, '阿里地区', '札达县', '542522'),
(3031, '阿里地区', '噶尔县', '542523'),
(3032, '阿里地区', '日土县', '542524'),
(3033, '阿里地区', '革吉县', '542525'),
(3034, '阿里地区', '改则县', '542526'),
(3035, '阿里地区', '措勤县', '542527'),
(3036, '西安市', '西安市', '610100'),
(3037, '西安市', '西安市市辖区', '610101'),
(3038, '西安市', '新城区', '610102'),
(3039, '西安市', '碑林区', '610103'),
(3040, '西安市', '莲湖区', '610104'),
(3041, '西安市', '灞桥区', '610111'),
(3042, '西安市', '未央区', '610112'),
(3043, '西安市', '雁塔区', '610113'),
(3044, '西安市', '阎良区', '610114'),
(3045, '西安市', '临潼区', '610115'),
(3046, '西安市', '长安区', '610116'),
(3047, '西安市', '高陵区', '610117'),
(3048, '西安市', '鄠邑区', '610118'),
(3049, '西安市', '蓝田县', '610122'),
(3050, '西安市', '周至县', '610124'),
(3051, '铜川市', '铜川市', '610200'),
(3052, '铜川市', '铜川市市辖区', '610201'),
(3053, '铜川市', '王益区', '610202'),
(3054, '铜川市', '印台区', '610203'),
(3055, '铜川市', '耀州区', '610204'),
(3056, '铜川市', '宜君县', '610222'),
(3057, '宝鸡市', '宝鸡市', '610300'),
(3058, '宝鸡市', '宝鸡市市辖区', '610301'),
(3059, '宝鸡市', '渭滨区', '610302'),
(3060, '宝鸡市', '金台区', '610303'),
(3061, '宝鸡市', '陈仓区', '610304'),
(3062, '宝鸡市', '凤翔县', '610322'),
(3063, '宝鸡市', '岐山县', '610323'),
(3064, '宝鸡市', '扶风县', '610324'),
(3065, '宝鸡市', '眉县', '610326'),
(3066, '宝鸡市', '陇县', '610327'),
(3067, '宝鸡市', '千阳县', '610328'),
(3068, '宝鸡市', '麟游县', '610329'),
(3069, '宝鸡市', '凤县', '610330'),
(3070, '宝鸡市', '太白县', '610331'),
(3071, '咸阳市', '咸阳市', '610400'),
(3072, '咸阳市', '咸阳市市辖区', '610401'),
(3073, '咸阳市', '秦都区', '610402'),
(3074, '咸阳市', '杨陵区', '610403'),
(3075, '咸阳市', '渭城区', '610404'),
(3076, '咸阳市', '三原县', '610422'),
(3077, '咸阳市', '泾阳县', '610423'),
(3078, '咸阳市', '乾县', '610424'),
(3079, '咸阳市', '礼泉县', '610425'),
(3080, '咸阳市', '永寿县', '610426'),
(3081, '咸阳市', '彬州市', '610482'),
(3082, '咸阳市', '长武县', '610428'),
(3083, '咸阳市', '旬邑县', '610429'),
(3084, '咸阳市', '淳化县', '610430'),
(3085, '咸阳市', '武功县', '610431'),
(3086, '咸阳市', '兴平市', '610481'),
(3087, '渭南市', '渭南市', '610500'),
(3088, '渭南市', '渭南市市辖区', '610501'),
(3089, '渭南市', '临渭区', '610502'),
(3090, '渭南市', '华州区', '610503'),
(3091, '渭南市', '潼关县', '610522'),
(3092, '渭南市', '大荔县', '610523'),
(3093, '渭南市', '合阳县', '610524'),
(3094, '渭南市', '澄城县', '610525'),
(3095, '渭南市', '蒲城县', '610526'),
(3096, '渭南市', '白水县', '610527'),
(3097, '渭南市', '富平县', '610528'),
(3098, '渭南市', '韩城市', '610581'),
(3099, '渭南市', '华阴市', '610582'),
(3100, '延安市', '延安市', '610600'),
(3101, '延安市', '延安市市辖区', '610601'),
(3102, '延安市', '宝塔区', '610602'),
(3103, '延安市', '安塞区', '610603'),
(3104, '延安市', '延长县', '610621'),
(3105, '延安市', '延川县', '610622'),
(3106, '延安市', '子长县', '610623'),
(3107, '延安市', '志丹县', '610625'),
(3108, '延安市', '吴起县', '610626'),
(3109, '延安市', '甘泉县', '610627'),
(3110, '延安市', '富县', '610628'),
(3111, '延安市', '洛川县', '610629'),
(3112, '延安市', '宜川县', '610630'),
(3113, '延安市', '黄龙县', '610631'),
(3114, '延安市', '黄陵县', '610632'),
(3115, '汉中市', '汉中市', '610700'),
(3116, '汉中市', '汉中市市辖区', '610701'),
(3117, '汉中市', '汉台区', '610702'),
(3118, '汉中市', '南郑区', '610703'),
(3119, '汉中市', '城固县', '610722'),
(3120, '汉中市', '洋县', '610723'),
(3121, '汉中市', '西乡县', '610724'),
(3122, '汉中市', '勉县', '610725'),
(3123, '汉中市', '宁强县', '610726'),
(3124, '汉中市', '略阳县', '610727'),
(3125, '汉中市', '镇巴县', '610728'),
(3126, '汉中市', '留坝县', '610729'),
(3127, '汉中市', '佛坪县', '610730'),
(3128, '榆林市', '榆林市', '610800'),
(3129, '榆林市', '榆林市市辖区', '610801'),
(3130, '榆林市', '榆阳区', '610802'),
(3131, '榆林市', '横山区', '610803'),
(3132, '榆林市', '府谷县', '610822'),
(3133, '榆林市', '靖边县', '610824'),
(3134, '榆林市', '定边县', '610825'),
(3135, '榆林市', '绥德县', '610826'),
(3136, '榆林市', '米脂县', '610827'),
(3137, '榆林市', '佳县', '610828'),
(3138, '榆林市', '吴堡县', '610829'),
(3139, '榆林市', '清涧县', '610830'),
(3140, '榆林市', '子洲县', '610831'),
(3141, '榆林市', '神木市', '610881'),
(3142, '安康市', '安康市', '610900'),
(3143, '安康市', '安康市市辖区', '610901'),
(3144, '安康市', '汉滨区', '610902'),
(3145, '安康市', '汉阴县', '610921'),
(3146, '安康市', '石泉县', '610922'),
(3147, '安康市', '宁陕县', '610923'),
(3148, '安康市', '紫阳县', '610924'),
(3149, '安康市', '岚皋县', '610925'),
(3150, '安康市', '平利县', '610926'),
(3151, '安康市', '镇坪县', '610927'),
(3152, '安康市', '旬阳县', '610928'),
(3153, '安康市', '白河县', '610929'),
(3154, '商洛市', '商洛市', '611000'),
(3155, '商洛市', '商洛市市辖区', '611001'),
(3156, '商洛市', '商州区', '611002'),
(3157, '商洛市', '洛南县', '611021'),
(3158, '商洛市', '丹凤县', '611022'),
(3159, '商洛市', '商南县', '611023'),
(3160, '商洛市', '山阳县', '611024'),
(3161, '商洛市', '镇安县', '611025'),
(3162, '商洛市', '柞水县', '611026'),
(3163, '兰州市', '兰州市', '620100'),
(3164, '兰州市', '兰州市市辖区', '620101'),
(3165, '兰州市', '城关区', '620102'),
(3166, '兰州市', '七里河区', '620103'),
(3167, '兰州市', '西固区', '620104'),
(3168, '兰州市', '安宁区', '620105'),
(3169, '兰州市', '红古区', '620111'),
(3170, '兰州市', '永登县', '620121'),
(3171, '兰州市', '皋兰县', '620122'),
(3172, '兰州市', '榆中县', '620123'),
(3173, '嘉峪关市', '嘉峪关市', '620200'),
(3174, '嘉峪关市', '嘉峪关市市辖区', '620201'),
(3175, '金昌市', '金昌市', '620300'),
(3176, '金昌市', '金昌市市辖区', '620301'),
(3177, '金昌市', '金川区', '620302'),
(3178, '金昌市', '永昌县', '620321'),
(3179, '白银市', '白银市', '620400'),
(3180, '白银市', '白银市市辖区', '620401'),
(3181, '白银市', '白银区', '620402'),
(3182, '白银市', '平川区', '620403'),
(3183, '白银市', '靖远县', '620421'),
(3184, '白银市', '会宁县', '620422'),
(3185, '白银市', '景泰县', '620423'),
(3186, '天水市', '天水市', '620500'),
(3187, '天水市', '天水市市辖区', '620501'),
(3188, '天水市', '秦州区', '620502'),
(3189, '天水市', '麦积区', '620503'),
(3190, '天水市', '清水县', '620521'),
(3191, '天水市', '秦安县', '620522'),
(3192, '天水市', '甘谷县', '620523'),
(3193, '天水市', '武山县', '620524'),
(3194, '天水市', '张家川回族自治县', '620525'),
(3195, '武威市', '武威市', '620600'),
(3196, '武威市', '武威市市辖区', '620601'),
(3197, '武威市', '凉州区', '620602'),
(3198, '武威市', '民勤县', '620621'),
(3199, '武威市', '古浪县', '620622'),
(3200, '武威市', '天祝藏族自治县', '620623'),
(3201, '张掖市', '张掖市', '620700'),
(3202, '张掖市', '张掖市市辖区', '620701'),
(3203, '张掖市', '甘州区', '620702'),
(3204, '张掖市', '肃南裕固族自治县', '620721'),
(3205, '张掖市', '民乐县', '620722'),
(3206, '张掖市', '临泽县', '620723'),
(3207, '张掖市', '高台县', '620724'),
(3208, '张掖市', '山丹县', '620725'),
(3209, '平凉市', '平凉市', '620800'),
(3210, '平凉市', '平凉市市辖区', '620801'),
(3211, '平凉市', '崆峒区', '620802'),
(3212, '平凉市', '泾川县', '620821'),
(3213, '平凉市', '灵台县', '620822'),
(3214, '平凉市', '崇信县', '620823'),
(3215, '平凉市', '华亭市', '620881'),
(3216, '平凉市', '庄浪县', '620825'),
(3217, '平凉市', '静宁县', '620826'),
(3218, '酒泉市', '酒泉市', '620900'),
(3219, '酒泉市', '酒泉市市辖区', '620901'),
(3220, '酒泉市', '肃州区', '620902'),
(3221, '酒泉市', '金塔县', '620921'),
(3222, '酒泉市', '瓜州县', '620922'),
(3223, '酒泉市', '肃北蒙古族自治县', '620923'),
(3224, '酒泉市', '阿克塞哈萨克族自治县', '620924'),
(3225, '酒泉市', '玉门市', '620981'),
(3226, '酒泉市', '敦煌市', '620982'),
(3227, '庆阳市', '庆阳市', '621000'),
(3228, '庆阳市', '庆阳市市辖区', '621001'),
(3229, '庆阳市', '西峰区', '621002'),
(3230, '庆阳市', '庆城县', '621021'),
(3231, '庆阳市', '环县', '621022'),
(3232, '庆阳市', '华池县', '621023'),
(3233, '庆阳市', '合水县', '621024'),
(3234, '庆阳市', '正宁县', '621025'),
(3235, '庆阳市', '宁县', '621026'),
(3236, '庆阳市', '镇原县', '621027'),
(3237, '定西市', '定西市', '621100'),
(3238, '定西市', '定西市市辖区', '621101'),
(3239, '定西市', '安定区', '621102'),
(3240, '定西市', '通渭县', '621121'),
(3241, '定西市', '陇西县', '621122'),
(3242, '定西市', '渭源县', '621123'),
(3243, '定西市', '临洮县', '621124'),
(3244, '定西市', '漳县', '621125'),
(3245, '定西市', '岷县', '621126'),
(3246, '陇南市', '陇南市', '621200'),
(3247, '陇南市', '陇南市市辖区', '621201'),
(3248, '陇南市', '武都区', '621202'),
(3249, '陇南市', '成县', '621221'),
(3250, '陇南市', '文县', '621222'),
(3251, '陇南市', '宕昌县', '621223'),
(3252, '陇南市', '康县', '621224'),
(3253, '陇南市', '西和县', '621225'),
(3254, '陇南市', '礼县', '621226'),
(3255, '陇南市', '徽县', '621227'),
(3256, '陇南市', '两当县', '621228'),
(3257, '临夏回族自治州', '临夏回族自治州', '622900'),
(3258, '临夏回族自治州', '临夏市', '622901');
INSERT INTO `city_adcode` (`id`, `city`, `area`, `code`) VALUES
(3259, '临夏回族自治州', '临夏县', '622921'),
(3260, '临夏回族自治州', '康乐县', '622922'),
(3261, '临夏回族自治州', '永靖县', '622923'),
(3262, '临夏回族自治州', '广河县', '622924'),
(3263, '临夏回族自治州', '和政县', '622925'),
(3264, '临夏回族自治州', '东乡族自治县', '622926'),
(3265, '临夏回族自治州', '积石山保安族东乡族撒拉族自治县', '622927'),
(3266, '甘南藏族自治州', '甘南藏族自治州', '623000'),
(3267, '甘南藏族自治州', '合作市', '623001'),
(3268, '甘南藏族自治州', '临潭县', '623021'),
(3269, '甘南藏族自治州', '卓尼县', '623022'),
(3270, '甘南藏族自治州', '舟曲县', '623023'),
(3271, '甘南藏族自治州', '迭部县', '623024'),
(3272, '甘南藏族自治州', '玛曲县', '623025'),
(3273, '甘南藏族自治州', '碌曲县', '623026'),
(3274, '甘南藏族自治州', '夏河县', '623027'),
(3275, '西宁市', '西宁市', '630100'),
(3276, '西宁市', '西宁市市辖区', '630101'),
(3277, '西宁市', '城东区', '630102'),
(3278, '西宁市', '城中区', '630103'),
(3279, '西宁市', '城西区', '630104'),
(3280, '西宁市', '城北区', '630105'),
(3281, '西宁市', '大通回族土族自治县', '630121'),
(3282, '西宁市', '湟中县', '630122'),
(3283, '西宁市', '湟源县', '630123'),
(3284, '海东市', '海东市', '630200'),
(3285, '海东市', '乐都区', '630202'),
(3286, '海东市', '平安区', '630203'),
(3287, '海东市', '民和回族土族自治县', '630222'),
(3288, '海东市', '互助土族自治县', '630223'),
(3289, '海东市', '化隆回族自治县', '630224'),
(3290, '海东市', '循化撒拉族自治县', '630225'),
(3291, '海北藏族自治州', '海北藏族自治州', '632200'),
(3292, '海北藏族自治州', '门源回族自治县', '632221'),
(3293, '海北藏族自治州', '祁连县', '632222'),
(3294, '海北藏族自治州', '海晏县', '632223'),
(3295, '海北藏族自治州', '刚察县', '632224'),
(3296, '黄南藏族自治州', '黄南藏族自治州', '632300'),
(3297, '黄南藏族自治州', '同仁县', '632321'),
(3298, '黄南藏族自治州', '尖扎县', '632322'),
(3299, '黄南藏族自治州', '泽库县', '632323'),
(3300, '黄南藏族自治州', '河南蒙古族自治县', '632324'),
(3301, '海南藏族自治州', '海南藏族自治州', '632500'),
(3302, '海南藏族自治州', '共和县', '632521'),
(3303, '海南藏族自治州', '同德县', '632522'),
(3304, '海南藏族自治州', '贵德县', '632523'),
(3305, '海南藏族自治州', '兴海县', '632524'),
(3306, '海南藏族自治州', '贵南县', '632525'),
(3307, '果洛藏族自治州', '果洛藏族自治州', '632600'),
(3308, '果洛藏族自治州', '玛沁县', '632621'),
(3309, '果洛藏族自治州', '班玛县', '632622'),
(3310, '果洛藏族自治州', '甘德县', '632623'),
(3311, '果洛藏族自治州', '达日县', '632624'),
(3312, '果洛藏族自治州', '久治县', '632625'),
(3313, '果洛藏族自治州', '玛多县', '632626'),
(3314, '玉树藏族自治州', '玉树藏族自治州', '632700'),
(3315, '玉树藏族自治州', '玉树市', '632701'),
(3316, '玉树藏族自治州', '杂多县', '632722'),
(3317, '玉树藏族自治州', '称多县', '632723'),
(3318, '玉树藏族自治州', '治多县', '632724'),
(3319, '玉树藏族自治州', '囊谦县', '632725'),
(3320, '玉树藏族自治州', '曲麻莱县', '632726'),
(3321, '海西蒙古族藏族自治州', '海西蒙古族藏族自治州', '632800'),
(3322, '海西蒙古族藏族自治州', '格尔木市', '632801'),
(3323, '海西蒙古族藏族自治州', '德令哈市', '632802'),
(3324, '海西蒙古族藏族自治州', '茫崖市', '632803'),
(3325, '海西蒙古族藏族自治州', '乌兰县', '632821'),
(3326, '海西蒙古族藏族自治州', '都兰县', '632822'),
(3327, '海西蒙古族藏族自治州', '天峻县', '632823'),
(3328, '海西蒙古族藏族自治州', '海西蒙古族藏族自治州直辖', '632825'),
(3329, '银川市', '银川市', '640100'),
(3330, '银川市', '银川市市辖区', '640101'),
(3331, '银川市', '兴庆区', '640104'),
(3332, '银川市', '西夏区', '640105'),
(3333, '银川市', '金凤区', '640106'),
(3334, '银川市', '永宁县', '640121'),
(3335, '银川市', '贺兰县', '640122'),
(3336, '银川市', '灵武市', '640181'),
(3337, '石嘴山市', '石嘴山市', '640200'),
(3338, '石嘴山市', '石嘴山市市辖区', '640201'),
(3339, '石嘴山市', '大武口区', '640202'),
(3340, '石嘴山市', '惠农区', '640205'),
(3341, '石嘴山市', '平罗县', '640221'),
(3342, '吴忠市', '吴忠市', '640300'),
(3343, '吴忠市', '吴忠市市辖区', '640301'),
(3344, '吴忠市', '利通区', '640302'),
(3345, '吴忠市', '红寺堡区', '640303'),
(3346, '吴忠市', '盐池县', '640323'),
(3347, '吴忠市', '同心县', '640324'),
(3348, '吴忠市', '青铜峡市', '640381'),
(3349, '固原市', '固原市', '640400'),
(3350, '固原市', '固原市市辖区', '640401'),
(3351, '固原市', '原州区', '640402'),
(3352, '固原市', '西吉县', '640422'),
(3353, '固原市', '隆德县', '640423'),
(3354, '固原市', '泾源县', '640424'),
(3355, '固原市', '彭阳县', '640425'),
(3356, '中卫市', '中卫市', '640500'),
(3357, '中卫市', '中卫市市辖区', '640501'),
(3358, '中卫市', '沙坡头区', '640502'),
(3359, '中卫市', '中宁县', '640521'),
(3360, '中卫市', '海原县', '640522'),
(3361, '乌鲁木齐市', '乌鲁木齐市', '650100'),
(3362, '乌鲁木齐市', '乌鲁木齐市市辖区', '650101'),
(3363, '乌鲁木齐市', '天山区', '650102'),
(3364, '乌鲁木齐市', '沙依巴克区', '650103'),
(3365, '乌鲁木齐市', '新市区', '650104'),
(3366, '乌鲁木齐市', '水磨沟区', '650105'),
(3367, '乌鲁木齐市', '头屯河区', '650106'),
(3368, '乌鲁木齐市', '达坂城区', '650107'),
(3369, '乌鲁木齐市', '米东区', '650109'),
(3370, '乌鲁木齐市', '乌鲁木齐县', '650121'),
(3371, '克拉玛依市', '克拉玛依市', '650200'),
(3372, '克拉玛依市', '克拉玛依市市辖区', '650201'),
(3373, '克拉玛依市', '独山子区', '650202'),
(3374, '克拉玛依市', '克拉玛依区', '650203'),
(3375, '克拉玛依市', '白碱滩区', '650204'),
(3376, '克拉玛依市', '乌尔禾区', '650205'),
(3377, '吐鲁番市', '吐鲁番市', '650400'),
(3378, '吐鲁番市', '高昌区', '650402'),
(3379, '吐鲁番市', '鄯善县', '650421'),
(3380, '吐鲁番市', '托克逊县', '650422'),
(3381, '哈密市', '哈密市', '650500'),
(3382, '哈密市', '伊州区', '650502'),
(3383, '哈密市', '巴里坤哈萨克自治县', '650521'),
(3384, '哈密市', '伊吾县', '650522'),
(3385, '昌吉回族自治州', '昌吉回族自治州', '652300'),
(3386, '昌吉回族自治州', '昌吉市', '652301'),
(3387, '昌吉回族自治州', '阜康市', '652302'),
(3388, '昌吉回族自治州', '呼图壁县', '652323'),
(3389, '昌吉回族自治州', '玛纳斯县', '652324'),
(3390, '昌吉回族自治州', '奇台县', '652325'),
(3391, '昌吉回族自治州', '吉木萨尔县', '652327'),
(3392, '昌吉回族自治州', '木垒哈萨克自治县', '652328'),
(3393, '博尔塔拉蒙古自治州', '博尔塔拉蒙古自治州', '652700'),
(3394, '博尔塔拉蒙古自治州', '博乐市', '652701'),
(3395, '博尔塔拉蒙古自治州', '阿拉山口市', '652702'),
(3396, '博尔塔拉蒙古自治州', '精河县', '652722'),
(3397, '博尔塔拉蒙古自治州', '温泉县', '652723'),
(3398, '巴音郭楞蒙古自治州', '巴音郭楞蒙古自治州', '652800'),
(3399, '巴音郭楞蒙古自治州', '库尔勒市', '652801'),
(3400, '巴音郭楞蒙古自治州', '轮台县', '652822'),
(3401, '巴音郭楞蒙古自治州', '尉犁县', '652823'),
(3402, '巴音郭楞蒙古自治州', '若羌县', '652824'),
(3403, '巴音郭楞蒙古自治州', '且末县', '652825'),
(3404, '巴音郭楞蒙古自治州', '焉耆回族自治县', '652826'),
(3405, '巴音郭楞蒙古自治州', '和静县', '652827'),
(3406, '巴音郭楞蒙古自治州', '和硕县', '652828'),
(3407, '巴音郭楞蒙古自治州', '博湖县', '652829'),
(3408, '阿克苏地区', '阿克苏地区', '652900'),
(3409, '阿克苏地区', '阿克苏市', '652901'),
(3410, '阿克苏地区', '温宿县', '652922'),
(3411, '阿克苏地区', '库车县', '652923'),
(3412, '阿克苏地区', '沙雅县', '652924'),
(3413, '阿克苏地区', '新和县', '652925'),
(3414, '阿克苏地区', '拜城县', '652926'),
(3415, '阿克苏地区', '乌什县', '652927'),
(3416, '阿克苏地区', '阿瓦提县', '652928'),
(3417, '阿克苏地区', '柯坪县', '652929'),
(3418, '克孜勒苏柯尔克孜自治州', '克孜勒苏柯尔克孜自治州', '653000'),
(3419, '克孜勒苏柯尔克孜自治州', '阿图什市', '653001'),
(3420, '克孜勒苏柯尔克孜自治州', '阿克陶县', '653022'),
(3421, '克孜勒苏柯尔克孜自治州', '阿合奇县', '653023'),
(3422, '克孜勒苏柯尔克孜自治州', '乌恰县', '653024'),
(3423, '喀什地区', '喀什地区', '653100'),
(3424, '喀什地区', '喀什市', '653101'),
(3425, '喀什地区', '疏附县', '653121'),
(3426, '喀什地区', '疏勒县', '653122'),
(3427, '喀什地区', '英吉沙县', '653123'),
(3428, '喀什地区', '泽普县', '653124'),
(3429, '喀什地区', '莎车县', '653125'),
(3430, '喀什地区', '叶城县', '653126'),
(3431, '喀什地区', '麦盖提县', '653127'),
(3432, '喀什地区', '岳普湖县', '653128'),
(3433, '喀什地区', '伽师县', '653129'),
(3434, '喀什地区', '巴楚县', '653130'),
(3435, '喀什地区', '塔什库尔干塔吉克自治县', '653131'),
(3436, '和田地区', '和田地区', '653200'),
(3437, '和田地区', '和田市', '653201'),
(3438, '和田地区', '和田县', '653221'),
(3439, '和田地区', '墨玉县', '653222'),
(3440, '和田地区', '皮山县', '653223'),
(3441, '和田地区', '洛浦县', '653224'),
(3442, '和田地区', '策勒县', '653225'),
(3443, '和田地区', '于田县', '653226'),
(3444, '和田地区', '民丰县', '653227'),
(3445, '伊犁哈萨克自治州', '伊犁哈萨克自治州', '654000'),
(3446, '伊犁哈萨克自治州', '伊宁市', '654002'),
(3447, '伊犁哈萨克自治州', '奎屯市', '654003'),
(3448, '伊犁哈萨克自治州', '霍尔果斯市', '654004'),
(3449, '伊犁哈萨克自治州', '伊宁县', '654021'),
(3450, '伊犁哈萨克自治州', '察布查尔锡伯自治县', '654022'),
(3451, '伊犁哈萨克自治州', '霍城县', '654023'),
(3452, '伊犁哈萨克自治州', '巩留县', '654024'),
(3453, '伊犁哈萨克自治州', '新源县', '654025'),
(3454, '伊犁哈萨克自治州', '昭苏县', '654026'),
(3455, '伊犁哈萨克自治州', '特克斯县', '654027'),
(3456, '伊犁哈萨克自治州', '尼勒克县', '654028'),
(3457, '塔城地区', '塔城地区', '654200'),
(3458, '塔城地区', '塔城市', '654201'),
(3459, '塔城地区', '乌苏市', '654202'),
(3460, '塔城地区', '额敏县', '654221'),
(3461, '塔城地区', '沙湾县', '654223'),
(3462, '塔城地区', '托里县', '654224'),
(3463, '塔城地区', '裕民县', '654225'),
(3464, '塔城地区', '和布克赛尔蒙古自治县', '654226'),
(3465, '阿勒泰地区', '阿勒泰地区', '654300'),
(3466, '阿勒泰地区', '阿勒泰市', '654301'),
(3467, '阿勒泰地区', '布尔津县', '654321'),
(3468, '阿勒泰地区', '富蕴县', '654322'),
(3469, '阿勒泰地区', '福海县', '654323'),
(3470, '阿勒泰地区', '哈巴河县', '654324'),
(3471, '阿勒泰地区', '青河县', '654325'),
(3472, '阿勒泰地区', '吉木乃县', '654326'),
(3473, '石河子市', '石河子市', '659001'),
(3474, '阿拉尔市', '阿拉尔市', '659002'),
(3475, '图木舒克市', '图木舒克市', '659003'),
(3476, '五家渠市', '五家渠市', '659004'),
(3477, '北屯市', '北屯市', '659005'),
(3478, '铁门关市', '铁门关市', '659006'),
(3479, '双河市', '双河市', '659007'),
(3480, '可克达拉市', '可克达拉市', '659008'),
(3481, '昆玉市', '昆玉市', '659009'),
(3482, '台湾省', '台湾省', '710000'),
(3483, '香港特别行政区', '香港特别行政区', '810000'),
(3484, '香港特别行政区', '中西区', '810001'),
(3485, '香港特别行政区', '湾仔区', '810002'),
(3486, '香港特别行政区', '东区', '810003'),
(3487, '香港特别行政区', '南区', '810004'),
(3488, '香港特别行政区', '油尖旺区', '810005'),
(3489, '香港特别行政区', '深水埗区', '810006'),
(3490, '香港特别行政区', '九龙城区', '810007'),
(3491, '香港特别行政区', '黄大仙区', '810008'),
(3492, '香港特别行政区', '观塘区', '810009'),
(3493, '香港特别行政区', '荃湾区', '810010'),
(3494, '香港特别行政区', '屯门区', '810011'),
(3495, '香港特别行政区', '元朗区', '810012'),
(3496, '香港特别行政区', '北区', '810013'),
(3497, '香港特别行政区', '大埔区', '810014'),
(3498, '香港特别行政区', '西贡区', '810015'),
(3499, '香港特别行政区', '沙田区', '810016'),
(3500, '香港特别行政区', '葵青区', '810017'),
(3501, '香港特别行政区', '离岛区', '810018'),
(3502, '澳门特别行政区', '澳门特别行政区', '820000'),
(3503, '澳门特别行政区', '花地玛堂区', '820001'),
(3504, '澳门特别行政区', '花王堂区', '820002'),
(3505, '澳门特别行政区', '望德堂区', '820003'),
(3506, '澳门特别行政区', '大堂区', '820004'),
(3507, '澳门特别行政区', '风顺堂区', '820005'),
(3508, '澳门特别行政区', '嘉模堂区', '820006'),
(3509, '澳门特别行政区', '路凼填海区', '820007'),
(3510, '澳门特别行政区', '圣方济各堂区', '820008'),
(3511, '外国', '外国', '900000');

-- --------------------------------------------------------

--
-- 表的结构 `user`
--

CREATE TABLE `user` (
  `id` int(11) NOT NULL,
  `user_name` varchar(255) DEFAULT NULL COMMENT '用户名',
  `pass_word` varchar(255) DEFAULT NULL,
  `phone` varchar(255) DEFAULT NULL
) ENGINE=InnoDB DEFAULT CHARSET=utf8mb4;

--
-- 转存表中的数据 `user`
--

INSERT INTO `user` (`id`, `user_name`, `pass_word`, `phone`) VALUES
(0, 'all', '96e79218965eb72c92a549dd5a330112', '100000000000'),
(1, 'life', 'ddfc883b9f6728e8a111bd4a7a4d7565', '13669205263'),
(2, 'hjf', '96e79218965eb72c92a549dd5a330112', '18691909915'),
(3, 'zmy', '96e79218965eb72c92a549dd5a330112', '17391599048'),
(4, 'wzp', '96e79218965eb72c92a549dd5a330112', '18691909915'),
(6, 'test_2', 'e10adc3949ba59abbe56e057f20f883e', '15991689592'),
(7, 'user_1', '96e79218965eb72c92a549dd5a330112', '18691909915'),
(8, 'test_1', 'e10adc3949ba59abbe56e057f20f883e', '15332261234'),
(9, 'hejunfeng', '96e79218965eb72c92a549dd5a330112', '13669205263'),
(14, 'life666', 'f379eaf3c831b04de153469d1bec345e', '16666666666'),
(16, 'Dived2014', 'caf791fae11738f6906a93100439e7e9', '12345678901'),
(17, 'test_3', 'e10adc3949ba59abbe56e057f20f883e', '11111111111'),
(18, 'test_9', 'e10adc3949ba59abbe56e057f20f883e', '15829199801'),
(19, 'test_4', 'e10adc3949ba59abbe56e057f20f883e', '18729898526'),
(21, 'liufang', 'e10adc3949ba59abbe56e057f20f883e', '18740354013'),
(22, 'test_8', '9db06bcff9248837f86d1a6bcf41c9e7', '14760985665'),
(23, 'test_10', '96e79218965eb72c92a549dd5a330112', '14760985665'),
(24, 'test_11', '96e79218965eb72c92a549dd5a330112', '18729898526');

-- --------------------------------------------------------

--
-- 表的结构 `usr_message`
--

CREATE TABLE `usr_message` (
  `m_id` int(5) NOT NULL,
  `message` varchar(200) DEFAULT NULL,
  `bot_message` varchar(200) DEFAULT NULL,
  `user_id` int(11) NOT NULL,
  `update_time` timestamp NOT NULL DEFAULT CURRENT_TIMESTAMP ON UPDATE CURRENT_TIMESTAMP
) ENGINE=InnoDB DEFAULT CHARSET=utf8mb4;

--
-- 转存表中的数据 `usr_message`
--

INSERT INTO `usr_message` (`m_id`, `message`, `bot_message`, `user_id`, `update_time`) VALUES
(1, '你好啊', '嘻嘻，还有点害羞呢。', 1, '2020-03-19 06:39:41'),
(2, '陕西科技大学', '学校以轻工为特色，多科性综合发展的大学。', 2, '2020-03-21 08:08:10'),
(3, '西安的天气', '西安:周三 03月18日,晴 西南风,最低气温5度，最高气温24度。', 1, '2020-03-19 06:39:48'),
(4, '哈哈', '来抱抱亲亲举高高哈　', 3, '2020-03-21 08:08:15'),
(5, '你好', '看到你过得很好，我就放心了', 1, '2020-03-21 06:22:54'),
(6, '哈哈哈哈', '看你开心的，找不到北了吧。', 1, '2020-03-21 06:23:01'),
(7, '西安的天气', '西安:周四 03月19日,晴 东北风转南风,最低气温5度，最高气温22度。', 4, '2020-03-21 08:08:21'),
(8, '你好啊life', '此问题有深度，容我好好想想', 1, '2020-03-21 06:23:24'),
(9, '你好啊life', '只要智商不滑坡，就可以一直聊下去。', 6, '2020-07-06 00:35:34'),
(10, '你是谁&life', '我长话短说，这个事，说来话长了啊！', 1, '2020-03-21 06:23:37'),
(11, '铜川的天气是&life', '铜川:周四 03月19日,晴 南风转西北风,最低气温4度，最高气温19度。', 3, '2020-03-21 08:08:28'),
(12, '北京&life', '你见过这么机灵懂事乖巧的机器人吗？', 1, '2020-03-21 06:23:55'),
(13, '西安', '你要旅游的话，可以去这个地方哦，很不错的。', 1, '2020-03-21 06:24:02'),
(14, '你好啊', '你好我也好。', 1, '2020-03-21 06:24:07'),
(15, '你好啊', '你好呀，见到你好开心。', 2, '2020-03-21 06:24:13'),
(16, '666', '不气不气，影响心情多么不值得呀！', 2, '2020-03-21 06:24:19'),
(17, '北京的天气', '我们还是说点其他的吧！', 5, '2020-06-28 10:42:20'),
(18, '铜川天气', '铜川:周五 03月20日,多云 南风转北风,最低气温10度，最高气温19度。', 1, '2020-03-21 06:24:29'),
(19, '你是谁', '我是棒棒哒life', 7, '2020-06-28 10:42:25'),
(20, '哈哈', '俗话说的好啊，笑一笑十年少，不用猜你肯定18岁，对不对？', 1, '2020-03-21 06:24:39'),
(21, '铜川的天气', '铜川今天最高温度23度，最低温度8度，多云，空气污染扩散指数，良，气象条件有利于空气污染物扩散。', 1, '2020-03-21 06:24:45'),
(22, '北京', '欢迎你', 6, '2020-06-28 10:41:42'),
(23, '北京有什么吃的', '北京最有名的是烤鸭', 1, '2020-03-21 06:35:49'),
(24, '哈哈', '看到你那么开心，我就功德圆满了', 24, '2020-07-06 00:39:47'),
(25, '你是谁', '我是腾讯小龙女，请把你的问题告诉我吧', 1, '2020-03-22 02:44:52'),
(26, '铜川的天气', '铜川今天最高温度21度，最低温度8度，阴，空气污染扩散指数，良，气象条件有利于空气污染物扩散。', 1, '2020-03-22 02:45:04'),
(27, '哈哈', '看到你那么开心，我就功德圆满了', 1, '2020-03-23 07:55:49'),
(28, '你是谁', '巴啦啦能量~变身~你专属的可爱小仙女小龙女', 1, '2020-03-23 07:55:57'),
(29, '铜川的天气', '铜川今天最高温度20度，最低温度8度，多云，空气污染扩散指数，良，气象条件有利于空气污染物扩散。', 1, '2020-03-23 07:56:18'),
(30, '北京', '北京可是在大城市', 1, '2020-03-23 08:43:53'),
(31, '哈哈', '看到你那么开心，我就功德圆满了', 7, '2020-07-06 00:35:54'),
(32, '你好啊', '你好， 我是腾讯小龙女，请把你的问题告诉我吧', 1, '2020-03-23 09:31:06'),
(33, '北京', '欢迎你', 1, '2020-03-23 09:31:32'),
(34, '铜川', '铜川是陕西省省辖市，地处陕西省中部、关中盆地和陕北高原的接交地带，与延安、渭南、咸阳3个地市毗邻；属大陆性季风气候，四季分明，气温月季变化明显；面积3882平方千米，全市下辖3区1县。2017年全市常住人口83.34万人。', 1, '2020-03-23 09:32:20'),
(35, '西安', '西安可是座古老的城市', 8, '2020-07-06 00:35:58'),
(36, '哈哈', '看到你那么开心，我就功德圆满了', 1, '2020-03-23 09:36:16'),
(37, '你是谁', '我是腾讯小龙女，请把你的问题告诉我吧', 1, '2020-03-23 09:36:28'),
(38, '好无聊啊', '只要和你在一起，无聊变得有话聊', 1, '2020-03-23 09:40:03'),
(39, '给我讲一个故事', '这是个凄美的爱情故事，开头很浪漫，结局很悲惨', 9, '2020-07-06 00:36:02'),
(40, '西安的天气', '西安今天最高温度25度，最低温度10度，多云，空气污染扩散指数，良，气象条件有利于空气污染物扩散。', 1, '2020-03-23 11:28:25'),
(41, '北京的天气', '北京今天最高温度23度，最低温度6度，多云，空气污染扩散指数，良，气象条件有利于空气污染物扩散。', 1, '2020-03-23 11:36:17'),
(42, '你好', '你好， 我是腾讯小龙女，请把你的问题告诉我吧', 14, '2020-07-06 00:36:05'),
(43, '哈哈', '看到你那么开心，我就功德圆满了', 1, '2020-03-23 11:36:58'),
(44, '西安', '世界四大文明古都之一', 1, '2020-03-23 11:37:13'),
(45, '你是谁', '巴啦啦能量~变身~你专属的可爱小仙女小龙女', 16, '2020-07-06 00:36:12'),
(46, '深圳', '这里的生活压力好大哦', 1, '2020-03-23 11:40:07'),
(47, 'hhp', 'hhp，作为网络用语是笑点的意思，同时也可以作为hand held products公司的简称，是一家自动识别与数据采集技术开发商与产品制造商。', 4, '2020-03-23 11:48:55'),
(48, 'hmp', '戊糖磷酸途径', 4, '2020-03-23 11:49:01'),
(49, '哈哈', '俗话说的好啊，笑一笑十年少，不用猜你肯定18岁，对不对？', 1, '2020-03-23 11:49:17'),
(50, '你好', '你好哇，很开心你能找我聊天。', 4, '2020-03-23 11:51:45'),
(51, '你是谁', '巴啦啦能量~变身~你专属的可爱小仙女小龙女', 1, '2020-03-23 11:51:47'),
(52, '你好', '你好， 我是腾讯小龙女，请把你的问题告诉我吧', 4, '2020-03-23 11:51:54'),
(53, '你好', '我在这里好久了，终于等到你来啦', 4, '2020-03-23 11:52:56'),
(54, 'hnp', '好捉急，不明白你的意思耶', 4, '2020-03-23 11:53:05'),
(55, 'hmp', '戊糖磷酸途径', 4, '2020-03-23 11:53:10'),
(56, 'http', '主人，这网站没写完吧。', 4, '2020-03-23 11:53:16'),
(57, 'https', 'HTTPS（全称：Hyper Text Transfer Protocol over Secure Socket Layer 或 Hypertext Transfer Protocol Secure，超文本传输安全协议），是以安全为目标的HTTP通道，简单讲是HTTP的安全版', 4, '2020-03-23 11:53:25'),
(58, '汤姆希德勒斯顿', '汤姆·希德勒斯顿（Tom Hiddleston），全名托马斯·威廉·希德勒斯顿（Thomas William Hiddleston），1981年2月9日出生于英国伦敦，英国男演员、电影制作人、音乐人。', 4, '2020-03-23 11:53:52'),
(59, 'hhp', 'hhp，作为网络用语是笑点的意思，同时也可以作为hand held products公司的简称，是一家自动识别与数据采集技术开发商与产品制造商。', 4, '2020-03-24 01:06:25'),
(60, '哈哈哈哈', '俗话说的好啊，笑一笑十年少，不用猜你肯定18岁，对不对？', 1, '2020-03-24 02:56:41'),
(61, '哈哈', '看到你那么开心，我就功德圆满了', 1, '2020-03-24 03:47:31'),
(62, 'hmp', '戊糖磷酸途径', 4, '2020-03-24 05:45:58'),
(63, 'hnp', '好捉急，不明白你的意思耶', 4, '2020-03-24 06:26:13'),
(64, 'https', 'HTTPS（全称：Hyper Text Transfer Protocol over Secure Socket Layer 或 Hypertext Transfer Protocol Secure，超文本传输安全协议），是以安全为目标的HTTP通道，简单讲是HTTP的安全版', 4, '2020-03-24 06:58:09'),
(65, '哈哈', '看到你那么开心，我就功德圆满了', 1, '2020-03-26 13:05:34'),
(66, '铜川的天气', '铜川今天最高温度9度，最低温度4度，多云，空气污染扩散指数，较差，气象条件较不利于空气污染物扩散。。', 17, '2020-07-06 00:36:33'),
(67, '你是谁', '巴啦啦能量~变身~你专属的可爱小仙女小龙女', 1, '2020-03-26 13:06:14'),
(68, '8+5', '8 + 5 = 13', 1, '2020-03-26 13:06:22'),
(69, 'sin x 函数的增长区间', '如x属于[-1，0]，则-x属于[0，1]函数是偶函数，所以f(-x)=f(x)。所以x属于[-1，0]是减区间，x<-1是增区间', 18, '2020-07-06 00:36:37'),
(70, '翻译早上好', '哇，这是个技术活，我不会啊。', 1, '2020-03-26 13:07:56'),
(71, 'hello', '我在这里好久了，终于等到你来啦', 1, '2020-03-26 13:08:05'),
(72, '你好啊', '我在这里好久了，终于等到你来啦', 19, '2020-07-06 00:36:41'),
(73, '北京的天气', '北京今天最高温度17度，最低温度7度，多云，空气污染扩散指数，良，气象条件有利于空气污染物扩散。', 1, '2020-04-08 07:56:36'),
(74, '？', '姑姑请求场外支援呀', 8, '2020-04-22 05:00:33'),
(75, '什么意思', '意思是你有什么不懂的可以问我', 8, '2020-04-22 05:00:45'),
(76, '那你懂什么', '我什么都懂的啊', 8, '2020-04-22 05:00:58'),
(77, '喜欢你，', '真的吗？好荣幸~', 8, '2020-04-22 05:01:07'),
(78, '法语怎么说', '好高级啊！怎么读啊！', 8, '2020-04-22 05:01:29'),
(79, '问你呢', '不要问我我是个没主见的人1！！！！', 8, '2020-04-22 05:01:37'),
(80, '哈哈', '看到你那么开心，我就功德圆满了', 1, '2020-05-12 10:23:19'),
(81, 'woaini', '不是姑姑我不明白，这世界变化快', 1, '2020-06-10 12:39:50'),
(82, '我爱你', '我也爱你哦', 1, '2020-06-10 12:39:54'),
(83, '哈哈哈哈', '俗话说的好啊，笑一笑十年少，不用猜你肯定18岁，对不对？', 1, '2020-06-10 12:39:58'),
(84, '你好diao啊', '不明白你说的什么意思', 22, '2020-07-06 00:37:04'),
(85, '我能pie你不', '你要的不是我，我又怎能给你快乐。', 1, '2020-06-10 12:40:10'),
(86, '张明义是傻狗', '风太大，迷了我的眼睛', 23, '2020-07-06 00:37:07'),
(87, '腾讯公司', '《腾讯新闻》是腾讯团队用心打造的一款丰富、及时的新闻应用，本着精炼、轻便的目标，为用户提供高效、优质的阅读体验。全球视野，聚焦中国，一朝在手，博览天下。', 1, '2020-06-10 12:40:52'),
(88, '哈哈', '俗话说的好啊，笑一笑十年少，不用猜你肯定18岁，对不对？', 1, '2020-06-10 12:47:58'),
(89, '你好呀', '一直在等你呢，又可以和你聊天啦，想聊点什么呢？', 3, '2020-06-10 14:15:57'),
(90, '哈哈', '俗话说的好啊，笑一笑十年少，不用猜你肯定18岁，对不对？', 1, '2020-06-10 14:16:06'),
(91, '你是男的女的', '巴啦啦能量小仙女变身~我现在是小仙女了', 3, '2020-06-10 14:16:08'),
(92, '背一下出师表', '诸葛亮著，有前出师表，和后出师表，内容请用百度搜索', 3, '2020-06-10 14:16:28'),
(93, '你个废物呀', '优雅文明的你会更有吸引力哟', 3, '2020-06-10 14:16:38'),
(94, '哈哈', '看到你那么开心，我就功德圆满了', 1, '2020-06-10 14:16:41'),
(95, '出师表都背不了', '诸葛亮著，有前出师表，和后出师表，内容请用百度搜索', 3, '2020-06-10 14:16:46'),
(96, '张明义', '张明义，男，1963年2月出生，教授级高级工程师', 1, '2020-06-10 14:16:51'),
(97, '李白呢', '还是将进酒让人感觉有气势，基本上每个字都人感受到豪迈之情', 3, '2020-06-10 14:16:54'),
(98, '行吧', '行的', 3, '2020-06-10 14:17:01'),
(99, '你滚吧', '好的，我已经回到妈妈的肚子里了', 3, '2020-06-10 14:17:05'),
(100, '你妈是谁', '是个美女啊!', 3, '2020-06-10 14:17:14'),
(101, '何军峰是不是', '易如既往，为你峰狂', 3, '2020-06-10 14:17:23'),
(102, '哈哈哈哈', '看到你那么开心，我就功德圆满了', 3, '2020-06-10 14:17:27'),
(103, '牛的', '牛人自有牛的道理', 3, '2020-06-10 14:17:30'),
(104, '我溜了', '溜哪里去好啊', 3, '2020-06-10 14:17:39'),
(105, '拜拜', '拜拜，别忘了下次找我聊天哦', 3, '2020-06-10 14:17:42'),
(106, '溜去你妈的肚子里', '惹你生气是他的错，骂人就是你的不对了，听说，饿了容易生气，给你下碗面条一起吃', 3, '2020-06-10 14:17:49'),
(107, '我做你爸爸', '哈哈干爹好，要好好照顾我~干爹今天感觉如何?', 3, '2020-06-10 14:17:57'),
(108, '你妈的', '我妈挺好的，您别挂念。', 3, '2020-06-10 14:18:00'),
(109, 'haha', '[ye]', 1, '2020-06-23 01:06:48'),
(110, 'haha', '[ye]', 1, '2020-06-24 07:07:48'),
(111, '你好啊', '我在这里好久了，终于等到你来啦', 9, '2020-06-28 10:32:42'),
(112, '你是谁', '我是腾讯小龙女，请把你的问题告诉我吧', 9, '2020-06-28 10:32:49'),
(113, '你是谁', '巴啦啦能量~变身~你专属的可爱小仙女小龙女', 9, '2020-06-28 10:32:58'),
(114, '你是谁', '巴啦啦能量~变身~你专属的可爱小仙女小龙女', 9, '2020-06-28 10:33:07'),
(115, '哈哈哈', '看到你那么开心，我就功德圆满了', 9, '2020-06-28 10:33:13'),
(116, '北京的天气', '北京今天最高温度31度，最低温度22度，多云', 9, '2020-06-28 10:33:21'),
(117, '北京市海淀区天气', '北京市今天最高温度31度，最低温度22度，多云', 9, '2020-06-28 10:33:33'),
(118, '西安市未央区天气', '西安今天最高温度30度，最低温度19度，多云', 9, '2020-06-28 10:33:53'),
(119, '铜川天气', '铜川今天最高温度26度，最低温度17度，多云', 9, '2020-06-28 10:34:09'),
(120, '8*5', '不明白你说的什么意思', 9, '2020-06-28 10:34:16'),
(121, '8*5=', '不明白你说的什么意思', 9, '2020-06-28 10:34:24'),
(122, '88-66=', '这波操作，多少个666才能表达我这如连绵江水滔滔不绝的感情~', 9, '2020-06-28 10:34:35'),
(123, '计算 7*9', '我已经计算过了', 9, '2020-06-28 10:34:55'),
(124, '76+10=', '73岁太老了', 9, '2020-06-28 10:35:08'),
(125, '你是谁', '巴啦啦能量~变身~你专属的可爱小仙女小龙女', 9, '2020-06-28 10:35:19'),
(126, '8+5', '不明白你说的什么意思', 9, '2020-06-28 10:45:17'),
(127, '哈哈', '俗话说的好啊，笑一笑十年少，不用猜你肯定18岁，对不对？', 9, '2020-06-28 10:45:36'),
(128, '你好啊', '我在这里好久了，终于等到你来啦', 9, '2020-06-28 10:48:06'),
(129, '百度', '百度不明白呢', 9, '2020-06-28 10:48:12'),
(130, '百度公司', '这个还真不知道你打百度客服热线问问', 9, '2020-06-28 10:48:18'),
(131, '腾讯’', '《腾讯新闻》是腾讯团队用心打造的一款丰富、及时的新闻应用，本着精炼、轻便的目标，为用户提供高效、优质的阅读体验。全球视野，聚焦中国，一朝在手，博览天下。', 9, '2020-06-28 10:48:26'),
(132, '陕西科技大学', '学校前身是西北轻院，所以，轻工很厉害的', 9, '2020-06-28 10:48:44'),
(133, '西安交通大学', '有外国语，公共管理，工商管理等', 9, '2020-06-28 10:48:58'),
(134, '哈哈哈', '看到你那么开心，我就功德圆满了', 9, '2020-06-28 10:49:51'),
(135, '清华大学', '工商管理学硕士好像只有学位证没有毕业证就是说只有学位没有学历', 1, '2020-06-29 08:00:05'),
(136, '哈哈 ', '俗话说的好啊，笑一笑十年少，不用猜你肯定18岁，对不对？', 1, '2020-06-29 08:09:43'),
(137, '哈哈', '俗话说的好啊，笑一笑十年少，不用猜你肯定18岁，对不对？', 1, '2020-06-29 08:17:37'),
(138, '哈哈', '俗话说的好啊，笑一笑十年少，不用猜你肯定18岁，对不对？', 1, '2020-06-29 08:36:19'),
(139, '哈哈', '俗话说的好啊，笑一笑十年少，不用猜你肯定18岁，对不对？', 1, '2020-06-30 09:14:52'),
(140, '不对', '啊哦，原来不是呀，真遗憾啊', 1, '2020-06-30 09:15:03'),
(141, '你是谁', '我是腾讯小龙女，请把你的问题告诉我吧', 1, '2020-06-30 09:15:11'),
(142, '你是谁', '我是腾讯小龙女，请把你的问题告诉我吧', 1, '2020-06-30 09:15:19'),
(143, '哈哈哈', '俗话说的好啊，笑一笑十年少，不用猜你肯定18岁，对不对？', 1, '2020-06-30 09:15:30'),
(144, '你好啊', '你好哇，很开心你能找我聊天。', 1, '2020-06-30 11:24:41'),
(145, '讲一个笑话', '“看你样子，应该还没结婚吧？”  “我看上去很年轻吗？”  “不，很猥琐。”', 1, '2020-06-30 11:25:00'),
(146, '再讲一个', '讲不出来，词穷了', 1, '2020-06-30 11:25:11'),
(147, '讲笑话 ', '妈妈问儿子：假如你有5个苹果，妈妈拿走了2个，爸爸又拿走了3个，还剩多少个？ 儿子：这是人干的事吗？', 1, '2020-06-30 11:25:20'),
(148, '你妈', '请文明用语', 14, '2020-06-30 12:20:05'),
(149, '我是你爹', '讲文明，树新风~', 14, '2020-06-30 12:20:20'),
(150, '你是谁', '巴啦啦能量~变身~你专属的可爱小仙女小龙女', 14, '2020-06-30 12:20:32'),
(151, '陈虎骚吗', '主人，不要把我教坏了呀。', 14, '2020-06-30 12:20:44'),
(152, '陈虎骚吗', '主人，不要把我教坏了呀。', 14, '2020-06-30 12:20:51'),
(153, '军峰是谁', '这个字我很喜欢啊', 14, '2020-06-30 12:20:58'),
(154, '军峰骚吗', '主人，不要把我教坏了呀。', 14, '2020-06-30 12:21:08'),
(155, '军峰喜欢谁', '我不知道我自己喜欢谁', 14, '2020-06-30 12:21:16'),
(156, '佳辉喜欢谁', '没见到呢', 14, '2020-06-30 12:21:35'),
(157, '振鹏喜欢谁', '当然是喜欢你啦', 14, '2020-06-30 12:21:45'),
(158, '军峰喜欢谁', '我不知道我自己喜欢谁', 14, '2020-06-30 12:21:55'),
(159, '你和军峰啥关系', '你是我的谁，我是你的谁。我们什么关系。我们什么关系？', 14, '2020-06-30 12:22:21'),
(160, '军峰和你啥关系', '你是我的谁，我是你的谁。我们什么关系。我们什么关系？', 14, '2020-06-30 12:22:32'),
(161, '我和你啥关系', '你是我的谁，我是你的谁。我们什么关系。我们什么关系？', 14, '2020-06-30 12:22:39'),
(162, '给我个女朋友好吗', '马上就给你', 14, '2020-06-30 12:23:01'),
(163, '天气', '您想查询哪个地方的天气\r', 14, '2020-06-30 12:23:11'),
(164, '西安', '西安可是座古老的城市', 14, '2020-06-30 12:23:15'),
(165, '西安天气', '西安今天最高温度30度，最低温度21度，多云', 14, '2020-06-30 12:23:23'),
(166, '铜川天气', '铜川今天最高温度28度，最低温度19度，多云', 14, '2020-06-30 12:23:43'),
(167, '美国天气', '对不起，我们暂时不支持查询您输入地点的天气\r', 14, '2020-06-30 12:23:54'),
(168, '何军峰在和你聊天吗', '你想聊什么就聊什么啊', 14, '2020-06-30 12:26:00'),
(169, '你是谁', '巴啦啦能量~变身~你专属的可爱小仙女小龙女', 14, '2020-06-30 12:26:27'),
(170, '哈哈', '看到你那么开心，我就功德圆满了', 1, '2020-06-30 12:44:26'),
(171, '哈哈', '看到你那么开心，我就功德圆满了', 1, '2020-06-30 12:46:03'),
(172, 'hello', '你好， 我是腾讯小龙女，请把你的问题告诉我吧', 16, '2020-06-30 12:49:46'),
(173, '你好', '你好， 我是腾讯小龙女，请把你的问题告诉我吧', 3, '2020-06-30 12:49:50'),
(174, 'hello', '我在这里好久了，终于等到你来啦', 16, '2020-06-30 12:49:56'),
(175, '你好', '我在这里好久了，终于等到你来啦', 3, '2020-06-30 12:49:56'),
(176, '哈哈', '看到你那么开心，我就功德圆满了', 1, '2020-06-30 12:49:57'),
(177, '你好', '你好哇，很开心你能找我聊天。', 3, '2020-06-30 12:52:09'),
(178, '3166', '读作:三千一百六十六，或三一六六。', 2, '2020-06-30 12:52:11'),
(179, 'wee', '好捉急，不明白你的意思耶', 2, '2020-06-30 12:52:49'),
(180, '你好', '我在这里好久了，终于等到你来啦', 3, '2020-06-30 12:52:52'),
(181, '哈哈哈', '看到你那么开心，我就功德圆满了', 3, '2020-06-30 12:53:20'),
(182, '333333', '这...这是啥', 2, '2020-06-30 12:53:20'),
(183, 'hello', '你好， 我是腾讯小龙女，请把你的问题告诉我吧', 16, '2020-06-30 12:53:20'),
(184, 'hello', '你好哇，很开心你能找我聊天。', 16, '2020-06-30 12:53:35'),
(185, '44445555558', '让我想一下如何回你...', 2, '2020-06-30 12:53:35'),
(186, '那就好', '嘿嘿，我也觉得挺好的。', 1, '2020-06-30 12:53:35'),
(187, '哈哈', '俗话说的好啊，笑一笑十年少，不用猜你肯定18岁，对不对？', 1, '2020-06-30 13:22:01'),
(188, '你好啊', '我在这里好久了，终于等到你来啦', 1, '2020-06-30 13:25:10'),
(189, '北京天气', '北京今天最高温度33度，最低温度22度，多云', 1, '2020-06-30 13:25:36'),
(190, '哈哈哈哈', '看到你那么开心，我就功德圆满了', 3, '2020-06-30 13:32:24'),
(191, '1+1', '1 + 1 = 2', 9, '2020-07-01 03:46:07'),
(192, '8+5', '8 + 5 = 13', 9, '2020-07-01 03:46:14'),
(193, '6-6', '6 - 6 = 0', 9, '2020-07-01 03:46:34'),
(194, '西安的天气', '西安今天最高温度31度，最低温度21度，多云', 9, '2020-07-01 03:47:13'),
(195, '讲一个笑话', '问:为什么要攻打叙利亚？ 美英法:我们怀疑他有大规模杀伤性武器。\n问:为什么不攻打俄罗斯？ 美英法:他真的有大规模杀伤性武器', 9, '2020-07-01 03:47:50'),
(196, '6*6', '6 * 6 = 36', 9, '2020-07-01 03:48:42'),
(197, '99', '原来99呀', 9, '2020-07-01 03:49:21'),
(198, '哈哈', '看到你那么开心，我就功德圆满了', 9, '2020-07-01 03:51:45'),
(199, '9*6', '9 * 6 = 54', 9, '2020-07-01 03:51:55'),
(200, '西安', '西安，西望长安。', 9, '2020-07-01 03:52:19'),
(201, '西安简介', '你来过西安吗', 9, '2020-07-01 03:52:26'),
(202, '北京', '北京可是在大城市', 9, '2020-07-01 03:52:33'),
(203, '你好啊', '我在这里好久了，终于等到你来啦', 9, '2020-07-01 03:52:41'),
(204, '你好啊 ', '我在这里好久了，终于等到你来啦', 9, '2020-07-01 03:54:18'),
(205, '讲一个笑话 ', '一位成功人士对我说，钱包里应该总有“年龄乘以五十”块的现金。这么算来今天我才四岁。', 9, '2020-07-01 03:54:28'),
(206, '西安的天气', '西安今天最高温度31度，最低温度21度，多云', 9, '2020-07-01 03:54:40'),
(207, '88*10', '88 * 10 = 880', 9, '2020-07-01 03:55:26'),
(208, '9-9=', '9 - 9 = 0', 9, '2020-07-01 03:56:13'),
(209, '63+10=', '63 + 10 = 73', 9, '2020-07-01 03:56:32'),
(210, '陕西科技大学', '学校前身是西北轻院，所以，轻工很厉害的', 9, '2020-07-01 03:57:06'),
(211, '你好啊', '我在这里好久了，终于等到你来啦', 9, '2020-07-01 05:14:31'),
(212, '8+6', '8 + 6 = 14', 9, '2020-07-01 05:14:42'),
(213, '7*9', '7 * 9 = 63', 9, '2020-07-01 05:14:49'),
(214, '111*111', '111 * 111 = 12321', 9, '2020-07-01 05:14:55'),
(215, '7*9', '7 * 9 = 63', 2, '2020-07-01 05:17:20'),
(216, '你好', '你好， 我是腾讯小龙女，请把你的问题告诉我吧', 1, '2020-07-01 06:00:36'),
(217, '手痛', '我给你揉揉吧', 1, '2020-07-01 06:00:55'),
(218, '井掉到桶里了 ', '你在掉井了呢', 1, '2020-07-01 06:01:54'),
(219, '8*9', '8 * 9 = 72', 1, '2020-07-01 06:02:34'),
(220, '3*7=15', '我觉得不是这样', 1, '2020-07-01 06:03:00'),
(221, 'hello ', '我在这里好久了，终于等到你来啦', 1, '2020-07-01 06:03:15'),
(222, '我要去吃饭 你给我指指路', '拜拜，别忘了下次找我聊天哦', 1, '2020-07-01 06:03:50'),
(223, '咱梁一起去吃饭吧', '你咋不和人家吃饭去', 1, '2020-07-01 06:04:20'),
(224, '给我唱首歌 ', '啊噢，我不太会唱歌，要不你唱，我听', 1, '2020-07-01 06:05:09'),
(225, '讲一个笑话', '有一学生说：老师，我想拉屎！老师说：说话要文明！学生沉默一会儿说：老师，我屁股想吐！', 1, '2020-07-01 06:05:28'),
(226, '今天天气热吗？', '您想查询哪个地方的天气\r', 2, '2020-07-02 08:38:44'),
(227, '西安天气', '西安今天最高温度34度，最低温度21度，晴', 2, '2020-07-02 08:38:55'),
(228, '你好啊', '你好哇，很开心你能找我聊天。', 2, '2020-07-02 16:04:26'),
(229, '你好啊', '你好， 我是腾讯小龙女，请把你的问题告诉我吧', 2, '2020-07-02 16:06:16'),
(230, '北京天气', '北京今天最高温度25度，最低温度21度，中雨', 2, '2020-07-02 16:06:25'),
(231, '哈哈', '看到你那么开心，我就功德圆满了', 21, '2020-07-03 03:49:29'),
(232, '你好 ', '我在这里好久了，终于等到你来啦', 9, '2020-07-05 14:08:27'),
(233, '8+10', '8 + 10 = 18', 9, '2020-07-05 14:08:39'),
(234, '7*90', '7 * 90 = 630', 9, '2020-07-05 14:08:50'),
(235, '8-9', '8 - 9 = -1', 9, '2020-07-05 14:09:03'),
(236, '西安天气', '西安今天最高温度37度，最低温度22度，晴', 9, '2020-07-05 14:09:18'),
(237, '陕西科技大学', '学校前身是西北轻院，所以，轻工很厉害的', 9, '2020-07-05 14:09:31'),
(238, '8', '不明白你说的什么意思', 2, '2020-07-06 00:32:13'),
(239, '8+5', '8 + 5 = 13', 2, '2020-07-06 00:32:19'),
(240, '你好 ', '你好哇，很开心你能找我聊天。', 2, '2020-07-06 00:32:54'),
(241, '你好', '你好哇，很开心你能找我聊天。', 2, '2020-07-06 01:11:35'),
(242, '8+18', '8 + 18 = 26', 2, '2020-07-06 01:11:45'),
(243, '西安天气', '西安今天最高温度37度，最低温度22度，晴', 2, '2020-07-06 01:12:02'),
(244, '陕西科技大学', '学校前身是西北轻院，所以，轻工很厉害的', 2, '2020-07-06 01:12:23'),
(245, '你好', '我在这里好久了，终于等到你来啦', 2, '2020-07-15 15:17:48'),
(246, '哈哈', '看到你那么开心，我就功德圆满了', 2, '2020-07-15 15:18:13'),
(247, '何军峰', '何军峰，男，中共党员，副教授，中山大学法学硕士，祖籍广东。1990年毕业于南开大学生物系，同年分配到仲恺农业工程学院学生宿舍管理科工作，1991年至1992年在广东省英德县九龙镇扶贫锻炼。', 2, '2020-07-15 15:18:27'),
(248, '王珍', '王珍，毕业于新疆师范大学初等教育学院，是新疆和田市小神童辅导学校校长。', 2, '2020-07-15 15:19:16'),
(249, '讲一个笑话', '玩吃鸡，跳下去正在捡装备，听到一队友说话，是个小孩子，大家开玩笑，说：“要上学啦！作业写完没有啊！”小家伙手里有把轻机枪，咔嚓换了子弹对着我们哒哒哒一通扫射，一梭子子弹都打完了……恨恨地说：“我爸说，我妈说，怎么玩个游戏都还有人要让我写作业！”', 2, '2020-07-15 15:19:47'),
(250, '西安的天气', '今天有点阴风比较大···明天可别下雨咯··保持这个气温还是蛮舒服的不热··', 2, '2020-07-15 15:20:28');

--
-- 转储表的索引
--

--
-- 表的索引 `admin`
--
ALTER TABLE `admin`
  ADD PRIMARY KEY (`id`);

--
-- 表的索引 `city_adcode`
--
ALTER TABLE `city_adcode`
  ADD PRIMARY KEY (`id`);

--
-- 表的索引 `user`
--
ALTER TABLE `user`
  ADD PRIMARY KEY (`id`);

--
-- 表的索引 `usr_message`
--
ALTER TABLE `usr_message`
  ADD PRIMARY KEY (`m_id`);

--
-- 在导出的表使用AUTO_INCREMENT
--

--
-- 使用表AUTO_INCREMENT `admin`
--
ALTER TABLE `admin`
  MODIFY `id` int(10) UNSIGNED NOT NULL AUTO_INCREMENT, AUTO_INCREMENT=9;

--
-- 使用表AUTO_INCREMENT `city_adcode`
--
ALTER TABLE `city_adcode`
  MODIFY `id` int(11) NOT NULL AUTO_INCREMENT, AUTO_INCREMENT=3512;

--
-- 使用表AUTO_INCREMENT `user`
--
ALTER TABLE `user`
  MODIFY `id` int(11) NOT NULL AUTO_INCREMENT, AUTO_INCREMENT=25;

--
-- 使用表AUTO_INCREMENT `usr_message`
--
ALTER TABLE `usr_message`
  MODIFY `m_id` int(5) NOT NULL AUTO_INCREMENT, AUTO_INCREMENT=251;
COMMIT;

/*!40101 SET CHARACTER_SET_CLIENT=@OLD_CHARACTER_SET_CLIENT */;
/*!40101 SET CHARACTER_SET_RESULTS=@OLD_CHARACTER_SET_RESULTS */;
/*!40101 SET COLLATION_CONNECTION=@OLD_COLLATION_CONNECTION */;
